{
  "image_index": 14,
  "T_ee2base": [
    [
      0.12097386677298803,
      0.3717800117032731,
      0.9204047731601057,
      0.6419152952511259
    ],
    [
      -0.4794352599713645,
      -0.790013717831884,
      0.3821258393953943,
      0.15272745702377793
    ],
    [
      0.8691991457969697,
      -0.4875017420844347,
      0.08267343231328837,
      0.44615006328526885
    ],
    [
      0.0,
      0.0,
      0.0,
      1.0
    ]
  ],
  "ee_position": [
    0.6419152952511259,
    0.15272745702377793,
    0.44615006328526885
  ],
  "ee_orientation": [
    0.6760758375159519,
    -0.039808865475669086,
    0.6617615286816286,
    -0.32157175764298407
  ],
  "charuco_corners_px": [
    [
      519.7737426757812,
      327.66064453125
    ],
    [
      552.3555908203125,
      309.89044189453125
    ],
    [
      585.2630615234375,
      291.9943542480469
    ],
    [
      618.7695922851562,
      274.02386474609375
    ],
    [
      538.9481811523438,
      359.6728210449219
    ],
    [
      571.1752319335938,
      342.4471435546875
    ],
    [
      604.0537109375,
      324.9076232910156
    ],
    [
      637.1692504882812,
      307.357421875
    ],
    [
      557.3353881835938,
      391.48443603515625
    ],
    [
      589.5718994140625,
      374.37823486328125
    ],
    [
      622.1830444335938,
      357.34039306640625
    ],
    [
      655.1232299804688,
      340.0626525878906
    ],
    [
      575.72802734375,
      422.6020812988281
    ],
    [
      607.6831665039062,
      405.9228515625
    ],
    [
      639.9044189453125,
      389.1666564941406
    ],
    [
      672.753662109375,
      372.2671203613281
    ]
  ],
  "charuco_ids": [
    0,
    1,
    2,
    3,
    4,
    5,
    6,
    7,
    8,
    9,
    10,
    11,
    12,
    13,
    14,
    15
  ],
  "charuco_pose": {
    "rvec": [
      0.26943743228912354,
      0.09198959171772003,
      -0.49198922514915466
    ],
    "tvec": [
      -0.1567249894142151,
      -0.07949212193489075,
      0.8428323864936829
    ],
    "R": [
      [
        0.8780788323685593,
        0.47798198499499517,
        0.022600578897712317
      ],
      [
        -0.45385677182474754,
        0.8468658058157149,
        -0.2771864672182229
      ],
      [
        -0.15162979527482912,
        0.2331341437034569,
        0.9605502986437354
      ]
    ],
    "quat_xyzw": [
      0.1329123093519831,
      0.04537806409329333,
      -0.24269613741233154,
      0.9598821459986651
    ],
    "T_se3": [
      [
        0.8780788323685593,
        0.47798198499499517,
        0.022600578897712317,
        -0.1567249894142151
      ],
      [
        -0.45385677182474754,
        0.8468658058157149,
        -0.2771864672182229,
        -0.07949212193489075
      ],
      [
        -0.15162979527482912,
        0.2331341437034569,
        0.9605502986437354,
        0.8428323864936829
      ],
      [
        0.0,
        0.0,
        0.0,
        1.0
      ]
    ]
  }
}