{
  "image_index": 21,
  "T_ee2base": [
    [
      0.5582909332384057,
      0.15507400214827882,
      0.8150234890612086,
      0.6937478560064974
    ],
    [
      -0.8124143423475282,
      0.3013607165215743,
      0.49916395591592644,
      0.40532208728000707
    ],
    [
      -0.1682087102733495,
      -0.9408154826507265,
      0.29423129913871743,
      0.5153004036097829
    ],
    [
      0.0,
      0.0,
      0.0,
      1.0
    ]
  ],
  "ee_position": [
    0.6937478560064974,
    0.40532208728000707,
    0.5153004036097829
  ],
  "ee_orientation": [
    -0.49058610803255376,
    0.33497704553612745,
    -0.32961327695450066,
    0.7338056535791164
  ],
  "charuco_corners_px": [
    [
      797.6050415039062,
      438.3415222167969
    ],
    [
      788.8175659179688,
      393.08074951171875
    ],
    [
      779.8819580078125,
      347.16595458984375
    ],
    [
      771.3381958007812,
      300.97857666015625
    ],
    [
      841.6559448242188,
      428.1935119628906
    ],
    [
      833.2572631835938,
      382.8689270019531
    ],
    [
      824.5231323242188,
      337.54443359375
    ],
    [
      816.1427612304688,
      291.1968078613281
    ],
    [
      886.0537109375,
      418.1148986816406
    ],
    [
      877.4243774414062,
      373.16571044921875
    ],
    [
      869.1851806640625,
      327.4261474609375
    ],
    [
      860.8428344726562,
      281.79498291015625
    ],
    [
      929.7546997070312,
      408.1682434082031
    ],
    [
      921.6818237304688,
      363.22265625
    ],
    [
      913.6121826171875,
      317.8846435546875
    ],
    [
      905.8654174804688,
      271.9378356933594
    ]
  ],
  "charuco_ids": [
    0,
    1,
    2,
    3,
    4,
    5,
    6,
    7,
    8,
    9,
    10,
    11,
    12,
    13,
    14,
    15
  ],
  "charuco_pose": {
    "rvec": [
      0.1563519686460495,
      0.003541926620528102,
      -1.7809394598007202
    ],
    "tvec": [
      0.09346835315227509,
      0.07169990241527557,
      0.6855932474136353
    ],
    "R": [
      [
        -0.2060025947994951,
        0.9730154045038344,
        -0.10394206816354244
      ],
      [
        -0.9725942697135177,
        -0.21529294294977916,
        -0.08780282020785053
      ],
      [
        -0.10781149037233474,
        0.0830058510845025,
        0.9907001116530842
      ]
    ],
    "quat_xyzw": [
      -0.06817300876666645,
      -0.0015443604365403228,
      0.7765300460063278,
      -0.6263793926016024
    ],
    "T_se3": [
      [
        -0.2060025947994951,
        0.9730154045038344,
        -0.10394206816354244,
        0.09346835315227509
      ],
      [
        -0.9725942697135177,
        -0.21529294294977916,
        -0.08780282020785053,
        0.07169990241527557
      ],
      [
        -0.10781149037233474,
        0.0830058510845025,
        0.9907001116530842,
        0.6855932474136353
      ],
      [
        0.0,
        0.0,
        0.0,
        1.0
      ]
    ]
  }
}