{
  "image_index": 7,
  "T_ee2base": [
    [
      -0.29378186641523535,
      0.013014690090536907,
      0.9557838839441837,
      0.6242188596839606
    ],
    [
      -0.91795367038261,
      -0.2826792271285004,
      -0.27830471354457675,
      0.3073334829771046
    ],
    [
      0.2665582000176998,
      -0.9591262025363928,
      0.09499291348012762,
      0.517929803435592
    ],
    [
      0.0,
      0.0,
      0.0,
      1.0
    ]
  ],
  "ee_position": [
    0.6242188596839606,
    0.3073334829771046,
    0.517929803435592
  ],
  "ee_orientation": [
    0.47273260074621937,
    -0.478568105343066,
    0.646423624070134,
    -0.36004576790194054
  ],
  "charuco_corners_px": [
    [
      766.5725708007812,
      325.1136779785156
    ],
    [
      780.5272216796875,
      289.26446533203125
    ],
    [
      794.9800415039062,
      251.91127014160156
    ],
    [
      809.77880859375,
      212.89895629882812
    ],
    [
      798.7418823242188,
      342.9562072753906
    ],
    [
      813.6898803710938,
      306.8211364746094
    ],
    [
      828.9440307617188,
      268.8062438964844
    ],
    [
      844.874267578125,
      229.24783325195312
    ],
    [
      831.4949340820312,
      361.93316650390625
    ],
    [
      847.828857421875,
      325.1147155761719
    ],
    [
      864.4424438476562,
      286.70245361328125
    ],
    [
      881.8292846679688,
      246.43711853027344
    ],
    [
      866.695556640625,
      381.8084716796875
    ],
    [
      883.8939208984375,
      344.54144287109375
    ],
    [
      901.68115234375,
      305.6189880371094
    ],
    [
      920.1529541015625,
      264.84844970703125
    ]
  ],
  "charuco_ids": [
    0,
    1,
    2,
    3,
    4,
    5,
    6,
    7,
    8,
    9,
    10,
    11,
    12,
    13,
    14,
    15
  ],
  "charuco_pose": {
    "rvec": [
      -0.2237147092819214,
      0.7164894342422485,
      -1.0660139322280884
    ],
    "tvec": [
      0.07878551632165909,
      -0.051605433225631714,
      0.8363191485404968
    ],
    "R": [
      [
        0.28554795903079383,
        0.7192497552363952,
        0.6333578393654993
      ],
      [
        -0.8580822609880316,
        0.48619253371736276,
        -0.16526237785763218
      ],
      [
        -0.4267987774947532,
        -0.49628279211541937,
        0.7560067418873376
      ]
    ],
    "quat_xyzw": [
      -0.10410173320614476,
      0.3334058460792309,
      -0.4960509674265289,
      0.7949445318126752
    ],
    "T_se3": [
      [
        0.28554795903079383,
        0.7192497552363952,
        0.6333578393654993,
        0.07878551632165909
      ],
      [
        -0.8580822609880316,
        0.48619253371736276,
        -0.16526237785763218,
        -0.051605433225631714
      ],
      [
        -0.4267987774947532,
        -0.49628279211541937,
        0.7560067418873376,
        0.8363191485404968
      ],
      [
        0.0,
        0.0,
        0.0,
        1.0
      ]
    ]
  }
}