{
  "image_index": 30,
  "T_ee2base": [
    [
      0.15951981904061113,
      0.21313360001863113,
      0.9639125976333895,
      0.719773620349471
    ],
    [
      -0.7338479483498287,
      -0.6275071757517594,
      0.2601959513189964,
      -0.13062201421240915
    ],
    [
      0.6603185716273605,
      -0.7488716932313229,
      0.05630782397547979,
      0.23468631462643283
    ],
    [
      0.0,
      0.0,
      0.0,
      1.0
    ]
  ],
  "ee_position": [
    0.719773620349471,
    -0.13062201421240915,
    0.23468631462643283
  ],
  "ee_orientation": [
    0.6577840015569113,
    -0.19790476322725883,
    0.6173117487717669,
    -0.383510256467911
  ],
  "charuco_corners_px": [
    [
      267.9547119140625,
      522.9698486328125
    ],
    [
      285.84979248046875,
      501.88946533203125
    ],
    [
      304.1485900878906,
      480.37432861328125
    ],
    [
      322.541259765625,
      458.7368469238281
    ],
    [
      293.6423645019531,
      544.1925659179688
    ],
    [
      311.7140808105469,
      523.4865112304688
    ],
    [
      330.1781005859375,
      502.2413330078125
    ],
    [
      348.8354187011719,
      480.94891357421875
    ],
    [
      318.3399658203125,
      565.9553833007812
    ],
    [
      337.17083740234375,
      545.114990234375
    ],
    [
      355.9167785644531,
      524.3801879882812
    ],
    [
      374.955810546875,
      503.1130676269531
    ],
    [
      343.6374206542969,
      586.9209594726562
    ],
    [
      362.4582214355469,
      566.6535034179688
    ],
    [
      381.23291015625,
      546.1217651367188
    ],
    [
      400.3045349121094,
      525.3997192382812
    ]
  ],
  "charuco_ids": [
    0,
    1,
    2,
    3,
    4,
    5,
    6,
    7,
    8,
    9,
    10,
    11,
    12,
    13,
    14,
    15
  ],
  "charuco_pose": {
    "rvec": [
      0.2362534999847412,
      0.25984853506088257,
      -0.8040449619293213
    ],
    "tvec": [
      -0.44266340136528015,
      0.13311773538589478,
      0.9774762392044067
    ],
    "R": [
      [
        0.6653181378520866,
        0.7335571970875869,
        0.13872856247375692
      ],
      [
        -0.6760056943090438,
        0.6708049461237381,
        -0.30501971332633016
      ],
      [
        -0.3168092118401542,
        0.10915384948288363,
        0.9421875399496049
      ]
    ],
    "quat_xyzw": [
      0.1143740046718917,
      0.1257967292122957,
      -0.38925070840455134,
      0.9053052833057793
    ],
    "T_se3": [
      [
        0.6653181378520866,
        0.7335571970875869,
        0.13872856247375692,
        -0.44266340136528015
      ],
      [
        -0.6760056943090438,
        0.6708049461237381,
        -0.30501971332633016,
        0.13311773538589478
      ],
      [
        -0.3168092118401542,
        0.10915384948288363,
        0.9421875399496049,
        0.9774762392044067
      ],
      [
        0.0,
        0.0,
        0.0,
        1.0
      ]
    ]
  }
}