{
  "image_index": 10,
  "T_ee2base": [
    [
      0.5180601942815478,
      0.1238918450473338,
      0.846324078489873,
      0.5453051194239198
    ],
    [
      -0.6910909201409694,
      -0.5223838811639651,
      0.49950817891079713,
      0.022681272028147598
    ],
    [
      0.5039910467455483,
      -0.8436621903527739,
      -0.1850057657736283,
      0.3116324169129123
    ],
    [
      0.0,
      0.0,
      0.0,
      1.0
    ]
  ],
  "ee_position": [
    0.5453051194239198,
    0.022681272028147598,
    0.3116324169129123
  ],
  "ee_orientation": [
    0.7458970842581336,
    -0.1901063454544033,
    0.45258091019970925,
    -0.45018622461820024
  ],
  "charuco_corners_px": [
    [
      455.707275390625,
      419.6666259765625
    ],
    [
      470.1351318359375,
      396.1264953613281
    ],
    [
      484.93267822265625,
      372.40264892578125
    ],
    [
      499.9944152832031,
      348.1375427246094
    ],
    [
      483.8848876953125,
      431.26434326171875
    ],
    [
      498.29473876953125,
      408.7676696777344
    ],
    [
      513.3303833007812,
      385.3511962890625
    ],
    [
      528.6461791992188,
      361.8320007324219
    ],
    [
      511.1217041015625,
      443.8736267089844
    ],
    [
      525.869873046875,
      421.0814208984375
    ],
    [
      540.9923706054688,
      398.1728515625
    ],
    [
      556.5665283203125,
      374.70111083984375
    ],
    [
      537.84765625,
      455.2325439453125
    ],
    [
      552.6715698242188,
      433.4306640625
    ],
    [
      568.04345703125,
      410.8877258300781
    ],
    [
      583.8372802734375,
      388.0673828125
    ]
  ],
  "charuco_ids": [
    0,
    1,
    2,
    3,
    4,
    5,
    6,
    7,
    8,
    9,
    10,
    11,
    12,
    13,
    14,
    15
  ],
  "charuco_pose": {
    "rvec": [
      0.568242073059082,
      0.18784449994564056,
      -1.0048401355743408
    ],
    "tvec": [
      -0.252334862947464,
      0.03556692600250244,
      1.025037407875061
    ],
    "R": [
      [
        0.5344145418360031,
        0.8384802456508098,
        -0.10654564809307135
      ],
      [
        -0.7433651502092138,
        0.4062709638648575,
        -0.5313681937929222
      ],
      [
        -0.4022553305161385,
        0.36317321153091314,
        0.8404141047707818
      ]
    ],
    "quat_xyzw": [
      0.2682021034594824,
      0.08865990815762288,
      -0.4742701232077352,
      0.8338314593596902
    ],
    "T_se3": [
      [
        0.5344145418360031,
        0.8384802456508098,
        -0.10654564809307135,
        -0.252334862947464
      ],
      [
        -0.7433651502092138,
        0.4062709638648575,
        -0.5313681937929222,
        0.03556692600250244
      ],
      [
        -0.4022553305161385,
        0.36317321153091314,
        0.8404141047707818,
        1.025037407875061
      ],
      [
        0.0,
        0.0,
        0.0,
        1.0
      ]
    ]
  }
}