{
  "image_index": 11,
  "T_ee2base": [
    [
      0.18400405741584186,
      0.190019367985552,
      0.9643832986136165,
      0.5330176705483678
    ],
    [
      -0.1736735898729004,
      -0.9594137985666603,
      0.22217706294879394,
      -0.21584648340231843
    ],
    [
      0.9674605888795511,
      -0.20836939053100897,
      -0.14353468589358004,
      0.5885977612388678
    ],
    [
      0.0,
      0.0,
      0.0,
      1.0
    ]
  ],
  "ee_position": [
    0.5330176705483678,
    -0.21584648340231843,
    0.5885977612388678
  ],
  "ee_orientation": [
    0.7561336756612685,
    0.005404394301826513,
    0.6387243253660452,
    -0.14235130220303738
  ],
  "charuco_corners_px": [
    [
      295.6622009277344,
      98.848388671875
    ],
    [
      322.8995361328125,
      92.29615020751953
    ],
    [
      350.69488525390625,
      85.63619232177734
    ],
    [
      378.7900085449219,
      79.1802978515625
    ],
    [
      308.2364196777344,
      130.19691467285156
    ],
    [
      335.034423828125,
      124.1031265258789
    ],
    [
      362.7705078125,
      118.20256042480469
    ],
    [
      390.6151123046875,
      112.14498138427734
    ],
    [
      319.8447265625,
      161.1531219482422
    ],
    [
      346.9210510253906,
      155.43353271484375
    ],
    [
      374.2677001953125,
      149.89332580566406
    ],
    [
      402.0736083984375,
      144.24241638183594
    ],
    [
      331.7985534667969,
      191.07046508789062
    ],
    [
      358.392578125,
      185.91004943847656
    ],
    [
      385.59368896484375,
      180.72589111328125
    ],
    [
      413.0284423828125,
      175.4031524658203
    ]
  ],
  "charuco_ids": [
    0,
    1,
    2,
    3,
    4,
    5,
    6,
    7,
    8,
    9,
    10,
    11,
    12,
    13,
    14,
    15
  ],
  "charuco_pose": {
    "rvec": [
      0.5042709112167358,
      0.2571856677532196,
      -0.17576000094413757
    ],
    "tvec": [
      -0.4155336320400238,
      -0.3547132909297943,
      0.990221381187439
    ],
    "R": [
      [
        0.952885913274619,
        0.22861702047757182,
        0.19935569776345216
      ],
      [
        -0.10267856515617553,
        0.8615356844922324,
        -0.4972055677523831
      ],
      [
        -0.28542170299447167,
        0.45331062451089554,
        0.8444192851689719
      ]
    ],
    "quat_xyzw": [
      0.24846073312166184,
      0.12671867073229734,
      -0.08659920236659308,
      0.9564048414421352
    ],
    "T_se3": [
      [
        0.952885913274619,
        0.22861702047757182,
        0.19935569776345216,
        -0.4155336320400238
      ],
      [
        -0.10267856515617553,
        0.8615356844922324,
        -0.4972055677523831,
        -0.3547132909297943
      ],
      [
        -0.28542170299447167,
        0.45331062451089554,
        0.8444192851689719,
        0.990221381187439
      ],
      [
        0.0,
        0.0,
        0.0,
        1.0
      ]
    ]
  }
}