{
  "image_index": 22,
  "T_ee2base": [
    [
      -0.3383149720721939,
      -0.013239539906933384,
      0.9409397931083814,
      0.6130520060842428
    ],
    [
      -0.8663166765997177,
      -0.3860819575651087,
      -0.3169166103061088,
      -0.1780231185680046
    ],
    [
      0.36747570738351,
      -0.9223694686110044,
      0.11914767247933382,
      0.470950646256904
    ],
    [
      0.0,
      0.0,
      0.0,
      1.0
    ]
  ],
  "ee_position": [
    0.6130520060842428,
    -0.1780231185680046,
    0.470950646256904
  ],
  "ee_orientation": [
    0.4818244786780713,
    -0.45636754431810533,
    0.6788859628311363,
    -0.31414596242910364
  ],
  "charuco_corners_px": [
    [
      345.77813720703125,
      301.16009521484375
    ],
    [
      352.10101318359375,
      273.1240539550781
    ],
    [
      359.0271301269531,
      246.0496368408203
    ],
    [
      365.1102294921875,
      216.346923828125
    ],
    [
      362.07757568359375,
      317.429931640625
    ],
    [
      369.17596435546875,
      291.2272644042969
    ],
    [
      376.0635681152344,
      262.44622802734375
    ],
    [
      382.9447021484375,
      234.0117645263672
    ],
    [
      378.2388610839844,
      336.4337463378906
    ],
    [
      386.2681579589844,
      308.9990539550781
    ],
    [
      393.5472412109375,
      280.7496643066406
    ],
    [
      401.0566101074219,
      250.69822692871094
    ],
    [
      395.5441589355469,
      354.0610656738281
    ],
    [
      403.7046813964844,
      327.41375732421875
    ],
    [
      411.1979675292969,
      298.1036071777344
    ],
    [
      419.4115905761719,
      269.7239990234375
    ]
  ],
  "charuco_ids": [
    0,
    1,
    2,
    3,
    4,
    5,
    6,
    7,
    8,
    9,
    10,
    11,
    12,
    13,
    14,
    15
  ],
  "charuco_pose": {
    "rvec": [
      -0.20222081243991852,
      0.758553147315979,
      -0.9387441277503967
    ],
    "tvec": [
      -0.35952118039131165,
      -0.10174377262592316,
      1.0458450317382812
    ],
    "R": [
      [
        0.35815125899086053,
        0.6537831149621663,
        0.6665548096545613
      ],
      [
        -0.7889658736977411,
        0.5936751513858884,
        -0.15837507621877409
      ],
      [
        -0.4992599781913443,
        -0.46916676482601494,
        0.7284380694054019
      ]
    ],
    "quat_xyzw": [
      -0.09491843630134525,
      0.35604979391569164,
      -0.4406278642541382,
      0.8185756653758636
    ],
    "T_se3": [
      [
        0.35815125899086053,
        0.6537831149621663,
        0.6665548096545613,
        -0.35952118039131165
      ],
      [
        -0.7889658736977411,
        0.5936751513858884,
        -0.15837507621877409,
        -0.10174377262592316
      ],
      [
        -0.4992599781913443,
        -0.46916676482601494,
        0.7284380694054019,
        1.0458450317382812
      ],
      [
        0.0,
        0.0,
        0.0,
        1.0
      ]
    ]
  }
}