{
  "image_index": 23,
  "T_ee2base": [
    [
      -0.524499452068322,
      -0.04146679596902764,
      0.8504003937041027,
      0.6232223328550787
    ],
    [
      -0.26374065600457525,
      -0.9417704401317296,
      -0.20858884069950723,
      -0.16438497787265471
    ],
    [
      0.8095314639656115,
      -0.3336898903565272,
      0.48302159985195553,
      0.6451088720871876
    ],
    [
      0.0,
      0.0,
      0.0,
      1.0
    ]
  ],
  "ee_position": [
    0.6232223328550787,
    -0.16438497787265471,
    0.6451088720871876
  ],
  "ee_orientation": [
    0.483282885123054,
    -0.1578824025062933,
    0.8586750683541486,
    -0.06471419406108628
  ],
  "charuco_corners_px": [
    [
      325.6138610839844,
      116.92391967773438
    ],
    [
      348.9884948730469,
      105.92599487304688
    ],
    [
      374.2421569824219,
      95.6476821899414
    ],
    [
      399.58807373046875,
      83.84898376464844
    ],
    [
      324.2441101074219,
      147.97447204589844
    ],
    [
      347.9516906738281,
      138.04942321777344
    ],
    [
      371.83575439453125,
      128.2869873046875
    ],
    [
      398.0000915527344,
      116.59318542480469
    ],
    [
      321.068115234375,
      179.05799865722656
    ],
    [
      344.84326171875,
      169.40576171875
    ],
    [
      370.9352722167969,
      160.21136474609375
    ],
    [
      396.39532470703125,
      150.5079345703125
    ],
    [
      318.35052490234375,
      211.97332763671875
    ],
    [
      343.5162048339844,
      202.5452880859375
    ],
    [
      368.83050537109375,
      193.1172332763672
    ],
    [
      394.7951354980469,
      183.5772247314453
    ]
  ],
  "charuco_ids": [
    0,
    1,
    2,
    3,
    4,
    5,
    6,
    7,
    8,
    9,
    10,
    11,
    12,
    13,
    14,
    15
  ],
  "charuco_pose": {
    "rvec": [
      -0.23268574476242065,
      0.546832263469696,
      -0.08651544153690338
    ],
    "tvec": [
      -0.3485892117023468,
      -0.3162270784378052,
      0.9549404382705688
    ],
    "R": [
      [
        0.85129575757141,
        0.01967726101685885,
        0.524317021028112
      ],
      [
        -0.14313888415377127,
        0.970101240151379,
        0.19599705023282846
      ],
      [
        -0.5047839072158823,
        -0.2419016106925108,
        0.8286596513407881
      ]
    ],
    "quat_xyzw": [
      -0.11460242807118326,
      0.26932593230098584,
      -0.04261060201991759,
      0.9552560715671449
    ],
    "T_se3": [
      [
        0.85129575757141,
        0.01967726101685885,
        0.524317021028112,
        -0.3485892117023468
      ],
      [
        -0.14313888415377127,
        0.970101240151379,
        0.19599705023282846,
        -0.3162270784378052
      ],
      [
        -0.5047839072158823,
        -0.2419016106925108,
        0.8286596513407881,
        0.9549404382705688
      ],
      [
        0.0,
        0.0,
        0.0,
        1.0
      ]
    ]
  }
}