{
  "image_index": 3,
  "T_ee2base": [
    [
      0.5632443949610636,
      0.012796780103413397,
      0.8261912574966711,
      0.4335889638961955
    ],
    [
      -0.7178547210437269,
      -0.48758145204013315,
      0.49693956081365553,
      0.36688654190627495
    ],
    [
      0.4091947592775095,
      -0.8729837169417427,
      -0.2654412909371877,
      0.6153683807760778
    ],
    [
      0.0,
      0.0,
      0.0,
      1.0
    ]
  ],
  "ee_position": [
    0.4335889638961955,
    0.36688654190627495,
    0.6153683807760778
  ],
  "ee_orientation": [
    0.7609643779340765,
    -0.23163303085699552,
    0.40586197350265574,
    -0.4500615657839888
  ],
  "charuco_corners_px": [
    [
      807.8207397460938,
      144.7980194091797
    ],
    [
      828.7399291992188,
      111.396484375
    ],
    [
      850.6290283203125,
      76.9702377319336
    ],
    [
      873.3863525390625,
      41.473777770996094
    ],
    [
      836.8289184570312,
      159.03182983398438
    ],
    [
      858.2383422851562,
      126.92291259765625
    ],
    [
      880.4290771484375,
      93.2850341796875
    ],
    [
      903.4658203125,
      58.8705940246582
    ],
    [
      865.646240234375,
      173.98178100585938
    ],
    [
      886.981689453125,
      142.0491485595703
    ],
    [
      909.3082275390625,
      109.48937225341797
    ],
    [
      932.4290161132812,
      75.59217071533203
    ],
    [
      893.150146484375,
      187.9180450439453
    ],
    [
      915.03515625,
      157.09425354003906
    ],
    [
      937.7453002929688,
      125.13285064697266
    ],
    [
      961.0497436523438,
      92.41221618652344
    ]
  ],
  "charuco_ids": [
    0,
    1,
    2,
    3,
    4,
    5,
    6,
    7,
    8,
    9,
    10,
    11,
    12,
    13,
    14,
    15
  ],
  "charuco_pose": {
    "rvec": [
      0.6528294086456299,
      0.24149179458618164,
      -1.0824613571166992
    ],
    "tvec": [
      0.11420822143554688,
      -0.22533230483531952,
      0.865867018699646
    ],
    "R": [
      [
        0.46531383704326734,
        0.8759815816687735,
        -0.12704055113681567
      ],
      [
        -0.7389213423010681,
        0.3054054092945926,
        -0.600602019531728
      ],
      [
        -0.4873174355059129,
        0.373341404816927,
        0.7893908490103392
      ]
    ],
    "quat_xyzw": [
      0.30435077572528696,
      0.1125841054956096,
      -0.5046463124487485,
      0.8000172022132085
    ],
    "T_se3": [
      [
        0.46531383704326734,
        0.8759815816687735,
        -0.12704055113681567,
        0.11420822143554688
      ],
      [
        -0.7389213423010681,
        0.3054054092945926,
        -0.600602019531728,
        -0.22533230483531952
      ],
      [
        -0.4873174355059129,
        0.373341404816927,
        0.7893908490103392,
        0.865867018699646
      ],
      [
        0.0,
        0.0,
        0.0,
        1.0
      ]
    ]
  }
}