{
  "image_index": 12,
  "T_ee2base": [
    [
      0.031087132750882866,
      0.2181197818186821,
      0.9754267532504426,
      0.5704604675261811
    ],
    [
      -0.2482717589052034,
      -0.9436283335289571,
      0.2189216798114791,
      -0.08251944350889351
    ],
    [
      0.9681914706851356,
      -0.24897656303502486,
      0.024818282612234337,
      0.3800136475002751
    ],
    [
      0.0,
      0.0,
      0.0,
      1.0
    ]
  ],
  "ee_position": [
    0.5704604675261811,
    -0.08251944350889351,
    0.3800136475002751
  ],
  "ee_orientation": [
    0.6981935948695759,
    -0.010796424268312616,
    0.6959453073680267,
    -0.16753886253207048
  ],
  "charuco_corners_px": [
    [
      393.40216064453125,
      318.080078125
    ],
    [
      421.6978759765625,
      312.7162780761719
    ],
    [
      450.0263977050781,
      306.81427001953125
    ],
    [
      479.019287109375,
      301.1328125
    ],
    [
      403.3902282714844,
      347.7678527832031
    ],
    [
      431.26318359375,
      342.3301696777344
    ],
    [
      459.58465576171875,
      337.0973815917969
    ],
    [
      487.8359680175781,
      331.4222106933594
    ],
    [
      412.4281005859375,
      376.84515380859375
    ],
    [
      440.6626892089844,
      371.7566833496094
    ],
    [
      468.59197998046875,
      366.677001953125
    ],
    [
      496.9777526855469,
      361.4691467285156
    ],
    [
      421.8075866699219,
      405.2867431640625
    ],
    [
      449.3464660644531,
      400.45928955078125
    ],
    [
      477.046142578125,
      395.8476257324219
    ],
    [
      505.218505859375,
      390.8566589355469
    ]
  ],
  "charuco_ids": [
    0,
    1,
    2,
    3,
    4,
    5,
    6,
    7,
    8,
    9,
    10,
    11,
    12,
    13,
    14,
    15
  ],
  "charuco_pose": {
    "rvec": [
      0.3262957036495209,
      0.2349814474582672,
      -0.1997246891260147
    ],
    "tvec": [
      -0.3136131167411804,
      -0.11646899580955505,
      1.0152746438980103
    ],
    "R": [
      [
        0.9532403297463996,
        0.23077912425901043,
        0.1951252663065948
      ],
      [
        -0.1553850193660617,
        0.9280416137075159,
        -0.33851773806369206
      ],
      [
        -0.25920719415476096,
        0.29236921697298096,
        0.9205063125612024
      ]
    ],
    "quat_xyzw": [
      0.16178102753234178,
      0.11650640690527915,
      -0.09902571523004372,
      0.9749087465008094
    ],
    "T_se3": [
      [
        0.9532403297463996,
        0.23077912425901043,
        0.1951252663065948,
        -0.3136131167411804
      ],
      [
        -0.1553850193660617,
        0.9280416137075159,
        -0.33851773806369206,
        -0.11646899580955505
      ],
      [
        -0.25920719415476096,
        0.29236921697298096,
        0.9205063125612024,
        1.0152746438980103
      ],
      [
        0.0,
        0.0,
        0.0,
        1.0
      ]
    ]
  }
}