{
  "image_index": 6,
  "T_ee2base": [
    [
      0.3419230812650618,
      0.09092220091871989,
      0.9353190684885571,
      0.7229686774096858
    ],
    [
      -0.9333150745365182,
      -0.08322292355015631,
      0.3492805700846507,
      0.3135715645482426
    ],
    [
      0.10959734550206823,
      -0.9923744748711854,
      0.056403222275323184,
      0.44954075021225265
    ],
    [
      0.0,
      0.0,
      0.0,
      1.0
    ]
  ],
  "ee_position": [
    0.7229686774096858,
    0.3135715645482426,
    0.44954075021225265
  ],
  "ee_orientation": [
    -0.5849664055610149,
    0.3600176290508073,
    -0.4465711210323664,
    0.57338978452494
  ],
  "charuco_corners_px": [
    [
      663.8197021484375,
      454.23431396484375
    ],
    [
      669.7936401367188,
      413.4998779296875
    ],
    [
      675.8348388671875,
      371.5729675292969
    ],
    [
      681.8948974609375,
      328.488037109375
    ],
    [
      707.0386962890625,
      459.84228515625
    ],
    [
      713.5086669921875,
      419.4063720703125
    ],
    [
      719.9531860351562,
      377.5326232910156
    ],
    [
      727.16357421875,
      334.7547912597656
    ],
    [
      750.0988159179688,
      466.16009521484375
    ],
    [
      757.1353149414062,
      425.53778076171875
    ],
    [
      764.8289794921875,
      383.6513977050781
    ],
    [
      772.154296875,
      340.646728515625
    ],
    [
      793.42578125,
      472.09747314453125
    ],
    [
      801.3117065429688,
      431.5123291015625
    ],
    [
      809.2017211914062,
      389.9422912597656
    ],
    [
      817.960693359375,
      346.93280029296875
    ]
  ],
  "charuco_ids": [
    0,
    1,
    2,
    3,
    4,
    5,
    6,
    7,
    8,
    9,
    10,
    11,
    12,
    13,
    14,
    15
  ],
  "charuco_pose": {
    "rvec": [
      0.21503980457782745,
      0.27985671162605286,
      -1.4237735271453857
    ],
    "tvec": [
      -0.01770205795764923,
      0.07313201576471329,
      0.7453397512435913
    ],
    "R": [
      [
        0.12300577924105756,
        0.9904531557509817,
        0.0622263974228133
      ],
      [
        -0.9403187114023566,
        0.13636725188403087,
        -0.3117766726363748
      ],
      [
        -0.31728583211343075,
        -0.02016231327300938,
        0.9481155952011174
      ]
    ],
    "quat_xyzw": [
      0.09813629827427438,
      0.12771636293155242,
      -0.6497581404022633,
      0.7428809841297268
    ],
    "T_se3": [
      [
        0.12300577924105756,
        0.9904531557509817,
        0.0622263974228133,
        -0.01770205795764923
      ],
      [
        -0.9403187114023566,
        0.13636725188403087,
        -0.3117766726363748,
        0.07313201576471329
      ],
      [
        -0.31728583211343075,
        -0.02016231327300938,
        0.9481155952011174,
        0.7453397512435913
      ],
      [
        0.0,
        0.0,
        0.0,
        1.0
      ]
    ]
  }
}