{
  "image_index": 17,
  "T_ee2base": [
    [
      0.40304662364142896,
      -0.45111632394821877,
      0.7962709849283033,
      0.5393469559661802
    ],
    [
      -0.914704533414783,
      -0.17054292683612082,
      0.3663751174092121,
      0.11373470350036842
    ],
    [
      -0.029479411827387225,
      -0.8760189337985884,
      -0.4813748974600731,
      0.6186143349230441
    ],
    [
      0.0,
      0.0,
      0.0,
      1.0
    ]
  ],
  "ee_position": [
    0.5393469559661802,
    0.11373470350036842,
    0.6186143349230441
  ],
  "ee_orientation": [
    0.7167573592118924,
    -0.47638885035822454,
    0.267451587083821,
    -0.4333384356785222
  ],
  "charuco_corners_px": [
    [
      552.98828125,
      138.83978271484375
    ],
    [
      549.8370361328125,
      106.81692504882812
    ],
    [
      546.13037109375,
      72.6799087524414
    ],
    [
      588.3200073242188,
      138.00047302246094
    ],
    [
      586.3085327148438,
      106.14241027832031
    ],
    [
      584.1693725585938,
      71.99404907226562
    ],
    [
      623.9957885742188,
      138.28428649902344
    ],
    [
      623.0437622070312,
      105.7983627319336
    ],
    [
      622.0342407226562,
      71.70022583007812
    ],
    [
      659.1806030273438,
      137.72384643554688
    ],
    [
      659.6436157226562,
      105.54338836669922
    ],
    [
      659.9837646484375,
      71.21935272216797
    ]
  ],
  "charuco_ids": [
    0,
    1,
    2,
    4,
    5,
    6,
    8,
    9,
    10,
    12,
    13,
    14
  ],
  "charuco_pose": {
    "rvec": [
      0.6533942818641663,
      0.6694123148918152,
      -1.4796345233917236
    ],
    "tvec": [
      -0.11781194061040878,
      -0.2320529967546463,
      0.922472357749939
    ],
    "R": [
      [
        -0.014542369271002109,
        0.9998847842298351,
        0.004351753858135798
      ],
      [
        -0.6633824532658783,
        -0.006391675228949539,
        -0.748253210609024
      ],
      [
        -0.7481391850417478,
        -0.013768251647308716,
        0.663398971247051
      ]
    ],
    "quat_xyzw": [
      -0.2865529334655712,
      -0.29357781029694735,
      0.6489092802054465,
      -0.6407934391726985
    ],
    "T_se3": [
      [
        -0.014542369271002109,
        0.9998847842298351,
        0.004351753858135798,
        -0.11781194061040878
      ],
      [
        -0.6633824532658783,
        -0.006391675228949539,
        -0.748253210609024,
        -0.2320529967546463
      ],
      [
        -0.7481391850417478,
        -0.013768251647308716,
        0.663398971247051,
        0.922472357749939
      ],
      [
        0.0,
        0.0,
        0.0,
        1.0
      ]
    ]
  }
}