{
  "image_index": 4,
  "T_ee2base": [
    [
      0.3421462461371378,
      0.22632460595248166,
      0.9119830694671471,
      0.6146754029025305
    ],
    [
      -0.8794208668003145,
      -0.2647519770194395,
      0.395632821819022,
      0.06492223728909649
    ],
    [
      0.3309907631497426,
      -0.9373812262920314,
      0.10845068605038405,
      0.6087985418527813
    ],
    [
      0.0,
      0.0,
      0.0,
      1.0
    ]
  ],
  "ee_position": [
    0.6146754029025305,
    0.06492223728909649,
    0.6087985418527813
  ],
  "ee_orientation": [
    -0.6120554584974701,
    0.2667635145559822,
    -0.50770474119627,
    0.5444825422288768
  ],
  "charuco_corners_px": [
    [
      450.6885070800781,
      197.09634399414062
    ],
    [
      461.8835754394531,
      160.53257751464844
    ],
    [
      472.9513244628906,
      123.14329528808594
    ],
    [
      484.1820068359375,
      84.87141418457031
    ],
    [
      486.87286376953125,
      210.40785217285156
    ],
    [
      498.10028076171875,
      174.39675903320312
    ],
    [
      509.4552307128906,
      137.18243408203125
    ],
    [
      521.0396728515625,
      99.25227355957031
    ],
    [
      522.014892578125,
      223.83877563476562
    ],
    [
      533.6275024414062,
      187.841552734375
    ],
    [
      545.6301879882812,
      151.15673828125
    ],
    [
      557.6004638671875,
      113.5162353515625
    ],
    [
      557.1078491210938,
      236.842041015625
    ],
    [
      569.0859375,
      201.40452575683594
    ],
    [
      581.2503051757812,
      164.9051971435547
    ],
    [
      593.7957153320312,
      127.60065460205078
    ]
  ],
  "charuco_ids": [
    0,
    1,
    2,
    3,
    4,
    5,
    6,
    7,
    8,
    9,
    10,
    11,
    12,
    13,
    14,
    15
  ],
  "charuco_pose": {
    "rvec": [
      0.23183788359165192,
      0.24092300236225128,
      -1.197609782218933
    ],
    "tvec": [
      -0.21852277219295502,
      -0.16883118450641632,
      0.8572880625724792
    ],
    "R": [
      [
        0.34515731026241075,
        0.9365190183473953,
        0.06163245448665007
      ],
      [
        -0.8874994251321744,
        0.34704204043922393,
        -0.30316100105033267
      ],
      [
        -0.3053050958671959,
        0.04993946777260583,
        0.950944187634643
      ]
    ],
    "quat_xyzw": [
      0.10859452355959735,
      0.11285005819911008,
      -0.5609689913295137,
      0.8128873750920661
    ],
    "T_se3": [
      [
        0.34515731026241075,
        0.9365190183473953,
        0.06163245448665007,
        -0.21852277219295502
      ],
      [
        -0.8874994251321744,
        0.34704204043922393,
        -0.30316100105033267,
        -0.16883118450641632
      ],
      [
        -0.3053050958671959,
        0.04993946777260583,
        0.950944187634643,
        0.8572880625724792
      ],
      [
        0.0,
        0.0,
        0.0,
        1.0
      ]
    ]
  }
}