{
  "image_index": 5,
  "T_ee2base": [
    [
      0.3558154405366364,
      0.2200099860967234,
      0.9082901399296589,
      0.6850126864758191
    ],
    [
      -0.7732628995186934,
      -0.47650372591364387,
      0.4183403965891393,
      0.006382124304215246
    ],
    [
      0.5248427007243816,
      -0.8511990397128835,
      0.000578176618907994,
      0.29826354563977314
    ],
    [
      0.0,
      0.0,
      0.0,
      1.0
    ]
  ],
  "ee_position": [
    0.6850126864758191,
    0.006382124304215246,
    0.29826354563977314
  ],
  "ee_orientation": [
    0.676709130615099,
    -0.20439095927340575,
    0.5294493512121616,
    -0.46901223098174655
  ],
  "charuco_corners_px": [
    [
      372.9206848144531,
      490.01220703125
    ],
    [
      388.7489318847656,
      463.128662109375
    ],
    [
      404.6950378417969,
      435.94268798828125
    ],
    [
      420.9735107421875,
      408.2447509765625
    ],
    [
      404.4045715332031,
      505.70733642578125
    ],
    [
      420.1839599609375,
      479.4212341308594
    ],
    [
      436.56927490234375,
      452.6214904785156
    ],
    [
      452.8874816894531,
      425.4344482421875
    ],
    [
      435.00531005859375,
      521.9320068359375
    ],
    [
      451.26947021484375,
      495.59979248046875
    ],
    [
      467.560546875,
      469.2742919921875
    ],
    [
      484.2452087402344,
      442.2056884765625
    ],
    [
      465.175048828125,
      537.2546997070312
    ],
    [
      481.4022216796875,
      511.7428283691406
    ],
    [
      498.0870056152344,
      485.71600341796875
    ],
    [
      514.7919311523438,
      459.283203125
    ]
  ],
  "charuco_ids": [
    0,
    1,
    2,
    3,
    4,
    5,
    6,
    7,
    8,
    9,
    10,
    11,
    12,
    13,
    14,
    15
  ],
  "charuco_pose": {
    "rvec": [
      0.3534906208515167,
      0.17072412371635437,
      -1.0007381439208984
    ],
    "tvec": [
      -0.31558647751808167,
      0.10327325761318207,
      0.9239729642868042
    ],
    "R": [
      [
        0.5324393246220672,
        0.8462127235805844,
        -0.020794038720902353
      ],
      [
        -0.791455591397436,
        0.4889739194891586,
        -0.36674589691657716
      ],
      [
        -0.3001773016764121,
        0.21172749587556955,
        0.9300887350401192
      ]
    ],
    "quat_xyzw": [
      0.1683572615695485,
      0.08131091536038106,
      -0.4766223586155221,
      0.8589967955631944
    ],
    "T_se3": [
      [
        0.5324393246220672,
        0.8462127235805844,
        -0.020794038720902353,
        -0.31558647751808167
      ],
      [
        -0.791455591397436,
        0.4889739194891586,
        -0.36674589691657716,
        0.10327325761318207
      ],
      [
        -0.3001773016764121,
        0.21172749587556955,
        0.9300887350401192,
        0.9239729642868042
      ],
      [
        0.0,
        0.0,
        0.0,
        1.0
      ]
    ]
  }
}