{
  "image_index": 9,
  "T_ee2base": [
    [
      0.23782955270190292,
      0.45522504439308814,
      0.8580252110625444,
      0.4961343258804511
    ],
    [
      -0.7141087540817108,
      -0.5168410417720593,
      0.47214830814463316,
      -0.09653119067479299
    ],
    [
      0.6583963784875184,
      -0.7250141353775688,
      0.20216011549570528,
      0.5634907996427184
    ],
    [
      0.0,
      0.0,
      0.0,
      1.0
    ]
  ],
  "ee_position": [
    0.4961343258804511,
    -0.09653119067479299,
    0.5634907996427184
  ],
  "ee_orientation": [
    0.6229988922498692,
    -0.1038861035345111,
    0.6085169686553246,
    -0.4804031188558076
  ],
  "charuco_corners_px": [
    [
      378.70269775390625,
      193.81309509277344
    ],
    [
      399.0488586425781,
      170.023193359375
    ],
    [
      419.2752685546875,
      145.93707275390625
    ],
    [
      439.64593505859375,
      121.76207733154297
    ],
    [
      403.9855651855469,
      215.26800537109375
    ],
    [
      423.9696960449219,
      191.87939453125
    ],
    [
      444.2033996582031,
      168.0270233154297
    ],
    [
      464.30767822265625,
      144.0306396484375
    ],
    [
      428.3241882324219,
      236.79139709472656
    ],
    [
      448.57684326171875,
      213.31507873535156
    ],
    [
      468.614501953125,
      189.8345947265625
    ],
    [
      488.8919677734375,
      166.14735412597656
    ],
    [
      452.7481994628906,
      257.9135437011719
    ],
    [
      472.68951416015625,
      234.73609924316406
    ],
    [
      492.7598571777344,
      211.16165161132812
    ],
    [
      512.7770385742188,
      187.80340576171875
    ]
  ],
  "charuco_ids": [
    0,
    1,
    2,
    3,
    4,
    5,
    6,
    7,
    8,
    9,
    10,
    11,
    12,
    13,
    14,
    15
  ],
  "charuco_pose": {
    "rvec": [
      0.27440404891967773,
      0.04008423909544945,
      -0.8324243426322937
    ],
    "tvec": [
      -0.33695366978645325,
      -0.22445148229599,
      1.010005235671997
    ],
    "R": [
      [
        0.6744458666816122,
        0.7348117979149604,
        -0.07193326463516475
      ],
      [
        -0.7245002951778052,
        0.6399043590656303,
        -0.2561673935848945
      ],
      [
        -0.1422044134454421,
        0.22488671124321385,
        0.9639522145328829
      ]
    ],
    "quat_xyzw": [
      0.13284322817055738,
      0.01940539777442808,
      -0.4029894504778136,
      0.9053041533484928
    ],
    "T_se3": [
      [
        0.6744458666816122,
        0.7348117979149604,
        -0.07193326463516475,
        -0.33695366978645325
      ],
      [
        -0.7245002951778052,
        0.6399043590656303,
        -0.2561673935848945,
        -0.22445148229599
      ],
      [
        -0.1422044134454421,
        0.22488671124321385,
        0.9639522145328829,
        1.010005235671997
      ],
      [
        0.0,
        0.0,
        0.0,
        1.0
      ]
    ]
  }
}