{
  "image_index": 16,
  "T_ee2base": [
    [
      0.2794700208880698,
      0.2160966684760055,
      0.9355205702166007,
      0.6135215520708831
    ],
    [
      -0.7660372547675263,
      -0.5372361861283522,
      0.35293654475343716,
      0.30056923386736195
    ],
    [
      0.5788639146924381,
      -0.8152787929216816,
      0.015396690524649953,
      0.3617576557498022
    ],
    [
      0.0,
      0.0,
      0.0,
      1.0
    ]
  ],
  "ee_position": [
    0.6135215520708831,
    0.30056923386736195,
    0.3617576557498022
  ],
  "ee_orientation": [
    0.6710643628765746,
    -0.2048762446325392,
    0.5641725923343255,
    -0.4352098704316021
  ],
  "charuco_corners_px": [
    [
      677.7637939453125,
      453.9456481933594
    ],
    [
      700.4695434570312,
      426.31463623046875
    ],
    [
      723.8596801757812,
      398.1156311035156
    ],
    [
      747.8005981445312,
      369.33160400390625
    ],
    [
      707.5321044921875,
      474.2163391113281
    ],
    [
      730.2350463867188,
      447.3603210449219
    ],
    [
      753.94970703125,
      419.5306091308594
    ],
    [
      778.1826782226562,
      391.2945556640625
    ],
    [
      736.6951904296875,
      495.1552734375
    ],
    [
      759.8699951171875,
      468.238525390625
    ],
    [
      783.7027587890625,
      440.9686279296875
    ],
    [
      808.1069946289062,
      413.1697998046875
    ],
    [
      765.625732421875,
      515.1204223632812
    ],
    [
      789.0733642578125,
      488.92584228515625
    ],
    [
      813.111083984375,
      462.1096496582031
    ],
    [
      838.04736328125,
      434.8091125488281
    ]
  ],
  "charuco_ids": [
    0,
    1,
    2,
    3,
    4,
    5,
    6,
    7,
    8,
    9,
    10,
    11,
    12,
    13,
    14,
    15
  ],
  "charuco_pose": {
    "rvec": [
      0.30130326747894287,
      0.22448153793811798,
      -0.9204636216163635
    ],
    "tvec": [
      -0.011083874851465225,
      0.05821411684155464,
      0.8587748408317566
    ],
    "R": [
      [
        0.5869497045793065,
        0.8072713140740854,
        0.061669034104356035
      ],
      [
        -0.7450251388163994,
        0.5683635169581238,
        -0.34914245677459116
      ],
      [
        -0.31690311899044105,
        0.15898408116566848,
        0.935038221202769
      ]
    ],
    "quat_xyzw": [
      0.14452332546894772,
      0.1076749636359914,
      -0.44151019231308203,
      0.8789697723386452
    ],
    "T_se3": [
      [
        0.5869497045793065,
        0.8072713140740854,
        0.061669034104356035,
        -0.011083874851465225
      ],
      [
        -0.7450251388163994,
        0.5683635169581238,
        -0.34914245677459116,
        0.05821411684155464
      ],
      [
        -0.31690311899044105,
        0.15898408116566848,
        0.935038221202769,
        0.8587748408317566
      ],
      [
        0.0,
        0.0,
        0.0,
        1.0
      ]
    ]
  }
}