{
  "image_index": 28,
  "T_ee2base": [
    [
      0.18945583085748757,
      0.2751858202962316,
      0.9425387273008944,
      0.676433079967628
    ],
    [
      -0.9136860937405191,
      -0.3021084954910902,
      0.2718605875394626,
      -0.042511706417971834
    ],
    [
      0.3595611356352225,
      -0.9126901014364079,
      0.19419724117687426,
      0.4509361607700965
    ],
    [
      0.0,
      0.0,
      0.0,
      1.0
    ]
  ],
  "ee_position": [
    0.676433079967628,
    -0.042511706417971834,
    0.4509361607700965
  ],
  "ee_orientation": [
    -0.5695101151805172,
    0.28028486958563614,
    -0.5715876804591045,
    0.5199866768829928
  ],
  "charuco_corners_px": [
    [
      344.7388610839844,
      364.7188720703125
    ],
    [
      356.73797607421875,
      332.7709045410156
    ],
    [
      368.4193115234375,
      300.1183166503906
    ],
    [
      380.14508056640625,
      266.95196533203125
    ],
    [
      377.0919189453125,
      379.0158386230469
    ],
    [
      389.0218505859375,
      347.2386779785156
    ],
    [
      401.091796875,
      314.8437194824219
    ],
    [
      413.0210266113281,
      281.91033935546875
    ],
    [
      408.48175048828125,
      394.03314208984375
    ],
    [
      421.1178894042969,
      361.9888610839844
    ],
    [
      433.36260986328125,
      329.8338317871094
    ],
    [
      445.94830322265625,
      296.82647705078125
    ],
    [
      440.7865295410156,
      408.5574951171875
    ],
    [
      453.0952453613281,
      376.92181396484375
    ],
    [
      465.8486022949219,
      344.5540771484375
    ],
    [
      478.39849853515625,
      311.9631652832031
    ]
  ],
  "charuco_ids": [
    0,
    1,
    2,
    3,
    4,
    5,
    6,
    7,
    8,
    9,
    10,
    11,
    12,
    13,
    14,
    15
  ],
  "charuco_pose": {
    "rvec": [
      0.10438793152570724,
      0.22337473928928375,
      -1.1410393714904785
    ],
    "tvec": [
      -0.3355214595794678,
      -0.016802269965410233,
      0.9114770889282227
    ],
    "R": [
      [
        0.3974245871422023,
        0.9093681675740004,
        0.12289521283579269
      ],
      [
        -0.8885811708534115,
        0.41480802639696224,
        -0.19585148465466734
      ],
      [
        -0.22907902640711209,
        -0.03136617668383937,
        0.972902339713811
      ]
    ],
    "quat_xyzw": [
      0.04928037396223017,
      0.10545271397757962,
      -0.5386719145673566,
      0.8344361798922934
    ],
    "T_se3": [
      [
        0.3974245871422023,
        0.9093681675740004,
        0.12289521283579269,
        -0.3355214595794678
      ],
      [
        -0.8885811708534115,
        0.41480802639696224,
        -0.19585148465466734,
        -0.016802269965410233
      ],
      [
        -0.22907902640711209,
        -0.03136617668383937,
        0.972902339713811,
        0.9114770889282227
      ],
      [
        0.0,
        0.0,
        0.0,
        1.0
      ]
    ]
  }
}