{
  "image_index": 0,
  "T_ee2base": [
    [
      -0.02396134505702563,
      0.3411456696082239,
      0.9397049994815474,
      0.5452211179717578
    ],
    [
      -0.9938950219690111,
      -0.10939016421650205,
      0.014369317238689117,
      -0.01881023355124745
    ],
    [
      0.10769651455956003,
      -0.9336238129355119,
      0.34168411826053496,
      0.4870565870120165
    ],
    [
      0.0,
      0.0,
      0.0,
      1.0
    ]
  ],
  "ee_position": [
    0.5452211179717578,
    -0.01881023355124745,
    0.4870565870120165
  ],
  "ee_orientation": [
    -0.43120317163111793,
    0.37844651622785114,
    -0.6072552238420972,
    0.5496209168570204
  ],
  "charuco_corners_px": [
    [
      468.1794738769531,
      324.3558654785156
    ],
    [
      475.7674560546875,
      293.3402404785156
    ],
    [
      483.2923583984375,
      262.22259521484375
    ],
    [
      490.1627197265625,
      230.55628967285156
    ],
    [
      495.36700439453125,
      331.9490051269531
    ],
    [
      502.7950134277344,
      300.9529113769531
    ],
    [
      510.7049560546875,
      269.2412414550781
    ],
    [
      517.939208984375,
      237.4402313232422
    ],
    [
      522.0913696289062,
      339.7988586425781
    ],
    [
      530.3782348632812,
      308.0447692871094
    ],
    [
      538.1841430664062,
      276.17669677734375
    ],
    [
      545.8701171875,
      244.03785705566406
    ],
    [
      550.1898803710938,
      347.605712890625
    ],
    [
      558.3106079101562,
      315.87225341796875
    ],
    [
      566.3070068359375,
      283.4473571777344
    ],
    [
      574.3786010742188,
      251.039306640625
    ]
  ],
  "charuco_ids": [
    0,
    1,
    2,
    3,
    4,
    5,
    6,
    7,
    8,
    9,
    10,
    11,
    12,
    13,
    14,
    15
  ],
  "charuco_pose": {
    "rvec": [
      -0.2487916201353073,
      0.32156527042388916,
      -1.283332347869873
    ],
    "tvec": [
      -0.22634606063365936,
      -0.057160500437021255,
      1.0190097093582153
    ],
    "R": [
      [
        0.24926498785454076,
        0.895045174959331,
        0.3698122504892127
      ],
      [
        -0.9636725854275595,
        0.26706759392416146,
        0.0031699165481540448
      ],
      [
        -0.09592764943038429,
        -0.35716807676159934,
        0.9291010983833684
      ]
    ],
    "quat_xyzw": [
      -0.11521316715876154,
      0.14891399169172478,
      -0.5942996964084422,
      0.7818941232932485
    ],
    "T_se3": [
      [
        0.24926498785454076,
        0.895045174959331,
        0.3698122504892127,
        -0.22634606063365936
      ],
      [
        -0.9636725854275595,
        0.26706759392416146,
        0.0031699165481540448,
        -0.057160500437021255
      ],
      [
        -0.09592764943038429,
        -0.35716807676159934,
        0.9291010983833684,
        1.0190097093582153
      ],
      [
        0.0,
        0.0,
        0.0,
        1.0
      ]
    ]
  }
}