{
  "image_index": 18,
  "T_ee2base": [
    [
      0.41868044012071215,
      -0.11021581180889528,
      0.9014206364886669,
      0.64415006581262
    ],
    [
      -0.8936010808794864,
      -0.22686606095380255,
      0.3873098225430379,
      0.27080627389860606
    ],
    [
      0.16181408254951324,
      -0.9676695020587412,
      -0.19347335081102932,
      0.507929275500621
    ],
    [
      0.0,
      0.0,
      0.0,
      1.0
    ]
  ],
  "ee_position": [
    0.64415006581262,
    0.27080627389860606,
    0.507929275500621
  ],
  "ee_orientation": [
    0.6780523305552352,
    -0.3701104057360839,
    0.39201794283618613,
    -0.49958508493445847
  ],
  "charuco_corners_px": [
    [
      647.5289306640625,
      317.9075012207031
    ],
    [
      655.1139526367188,
      281.734619140625
    ],
    [
      662.9948120117188,
      243.71987915039062
    ],
    [
      671.2122802734375,
      204.0652313232422
    ],
    [
      686.93310546875,
      323.9551696777344
    ],
    [
      695.4121704101562,
      288.23114013671875
    ],
    [
      704.0386962890625,
      250.73150634765625
    ],
    [
      713.59326171875,
      211.36624145507812
    ],
    [
      726.02685546875,
      331.0986022949219
    ],
    [
      735.2207641601562,
      295.216796875
    ],
    [
      745.1724853515625,
      257.85699462890625
    ],
    [
      755.7156982421875,
      218.68917846679688
    ],
    [
      764.83984375,
      337.29827880859375
    ],
    [
      775.1316528320312,
      301.9684143066406
    ],
    [
      785.9356689453125,
      265.02392578125
    ],
    [
      797.544677734375,
      225.98634338378906
    ]
  ],
  "charuco_ids": [
    0,
    1,
    2,
    3,
    4,
    5,
    6,
    7,
    8,
    9,
    10,
    11,
    12,
    13,
    14,
    15
  ],
  "charuco_pose": {
    "rvec": [
      0.46430498361587524,
      0.40007877349853516,
      -1.3497196435928345
    ],
    "tvec": [
      -0.0320432111620903,
      -0.04627177119255066,
      0.8059293031692505
    ],
    "R": [
      [
        0.17776506912781698,
        0.984033305013828,
        0.008833732028152796
      ],
      [
        -0.8298939263502608,
        0.15473190267443426,
        -0.5360355485429092
      ],
      [
        -0.5288436926020113,
        0.08795733578452777,
        0.8441491905325488
      ]
    ],
    "quat_xyzw": [
      0.2114733883499494,
      0.1822207747583056,
      -0.6147463336064514,
      0.7376730580573618
    ],
    "T_se3": [
      [
        0.17776506912781698,
        0.984033305013828,
        0.008833732028152796,
        -0.0320432111620903
      ],
      [
        -0.8298939263502608,
        0.15473190267443426,
        -0.5360355485429092,
        -0.04627177119255066
      ],
      [
        -0.5288436926020113,
        0.08795733578452777,
        0.8441491905325488,
        0.8059293031692505
      ],
      [
        0.0,
        0.0,
        0.0,
        1.0
      ]
    ]
  }
}