{
  "image_index": 32,
  "T_ee2base": [
    [
      0.09392740516703499,
      -0.2648629084307639,
      0.9597006211815143,
      0.6205337647730155
    ],
    [
      -0.7982054396777294,
      -0.5961557410760773,
      -0.08640838183252725,
      0.4361018888894552
    ],
    [
      0.5950174103565965,
      -0.757922141198969,
      -0.2674103761130067,
      0.592487619878062
    ],
    [
      0.0,
      0.0,
      0.0,
      1.0
    ]
  ],
  "ee_position": [
    0.6205337647730155,
    0.4361018888894552,
    0.592487619878062
  ],
  "ee_orientation": [
    0.6995522715201701,
    -0.37991026238767706,
    0.5556118158831838,
    -0.23997983664151398
  ],
  "charuco_corners_px": [
    [
      906.6257934570312,
      179.8669891357422
    ],
    [
      937.989990234375,
      147.3530731201172
    ],
    [
      971.31201171875,
      112.76553344726562
    ],
    [
      1006.767578125,
      76.05107116699219
    ],
    [
      940.612548828125,
      208.65496826171875
    ],
    [
      972.9351196289062,
      177.6639404296875
    ],
    [
      1007.6350708007812,
      144.20616149902344
    ],
    [
      1044.282470703125,
      108.85440826416016
    ],
    [
      973.9713134765625,
      238.30726623535156
    ],
    [
      1007.8778076171875,
      207.97018432617188
    ],
    [
      1043.5987548828125,
      175.96482849121094
    ],
    [
      1081.845703125,
      141.61106872558594
    ],
    [
      1007.875244140625,
      267.3482666015625
    ],
    [
      1042.451416015625,
      238.63255310058594
    ],
    [
      1079.383544921875,
      207.80796813964844
    ],
    [
      1118.9097900390625,
      174.8375244140625
    ]
  ],
  "charuco_ids": [
    0,
    1,
    2,
    3,
    4,
    5,
    6,
    7,
    8,
    9,
    10,
    11,
    12,
    13,
    14,
    15
  ],
  "charuco_pose": {
    "rvec": [
      0.3426310420036316,
      0.7632367014884949,
      -0.8030328154563904
    ],
    "tvec": [
      0.16992774605751038,
      -0.17713578045368195,
      0.7412805557250977
    ],
    "R": [
      [
        0.45206831158785676,
        0.7515122559836321,
        0.4804826435621752
      ],
      [
        -0.5180271993711066,
        0.6597132954725888,
        -0.5444503544754331
      ],
      [
        -0.7261419023647047,
        -0.0027743256998202237,
        0.6875392648766171
      ]
    ],
    "quat_xyzw": [
      0.1618763040400377,
      0.3605917771553155,
      -0.3793934823557765,
      0.8365585562196263
    ],
    "T_se3": [
      [
        0.45206831158785676,
        0.7515122559836321,
        0.4804826435621752,
        0.16992774605751038
      ],
      [
        -0.5180271993711066,
        0.6597132954725888,
        -0.5444503544754331,
        -0.17713578045368195
      ],
      [
        -0.7261419023647047,
        -0.0027743256998202237,
        0.6875392648766171,
        0.7412805557250977
      ],
      [
        0.0,
        0.0,
        0.0,
        1.0
      ]
    ]
  }
}