{
  "image_index": 33,
  "T_ee2base": [
    [
      0.33565210462186895,
      -0.14297270536098883,
      0.9310727523586275,
      0.6313623634957305
    ],
    [
      -0.8627231363909538,
      -0.44351415752935663,
      0.2429073527227636,
      0.20645065076340993
    ],
    [
      0.3782148259900264,
      -0.884790369292515,
      -0.2722123211916557,
      0.489778664811646
    ],
    [
      0.0,
      0.0,
      0.0,
      1.0
    ]
  ],
  "ee_position": [
    0.6313623634957305,
    0.20645065076340993,
    0.489778664811646
  ],
  "ee_orientation": [
    0.7161317238020671,
    -0.35108619277907743,
    0.457069396185041,
    -0.3936767791922889
  ],
  "charuco_corners_px": [
    [
      595.9053955078125,
      298.7122802734375
    ],
    [
      609.033203125,
      268.1393737792969
    ],
    [
      622.813720703125,
      236.22242736816406
    ],
    [
      637.2560424804688,
      202.6479034423828
    ],
    [
      631.1279296875,
      313.1023254394531
    ],
    [
      645.0466918945312,
      283.6143798828125
    ],
    [
      659.8639526367188,
      252.1562042236328
    ],
    [
      675.2086791992188,
      219.2992401123047
    ],
    [
      665.7576904296875,
      328.6488952636719
    ],
    [
      680.7124633789062,
      298.97576904296875
    ],
    [
      696.3172607421875,
      268.273681640625
    ],
    [
      712.8438720703125,
      235.76565551757812
    ],
    [
      700.2278442382812,
      343.17425537109375
    ],
    [
      716.0631713867188,
      314.52801513671875
    ],
    [
      732.4569702148438,
      284.21173095703125
    ],
    [
      749.2314453125,
      254.06185913085938
    ]
  ],
  "charuco_ids": [
    0,
    1,
    2,
    3,
    4,
    5,
    6,
    7,
    8,
    9,
    10,
    11,
    12,
    13,
    14,
    15
  ],
  "charuco_pose": {
    "rvec": [
      0.46699950098991394,
      0.5298646688461304,
      -1.0924227237701416
    ],
    "tvec": [
      -0.08270824700593948,
      -0.08081354945898056,
      0.8525179028511047
    ],
    "R": [
      [
        0.3611802266319003,
        0.9165913088969891,
        0.17149115529564038
      ],
      [
        -0.7021295701185598,
        0.3883373968674572,
        -0.5968317459379432
      ],
      [
        -0.6136472200338364,
        0.0951548141121159,
        0.7838256507004815
      ]
    ],
    "quat_xyzw": [
      0.21738052986868542,
      0.24664322387563964,
      -0.5085046772649009,
      0.7958239871667352
    ],
    "T_se3": [
      [
        0.3611802266319003,
        0.9165913088969891,
        0.17149115529564038,
        -0.08270824700593948
      ],
      [
        -0.7021295701185598,
        0.3883373968674572,
        -0.5968317459379432,
        -0.08081354945898056
      ],
      [
        -0.6136472200338364,
        0.0951548141121159,
        0.7838256507004815,
        0.8525179028511047
      ],
      [
        0.0,
        0.0,
        0.0,
        1.0
      ]
    ]
  }
}