{
  "image_index": 8,
  "T_ee2base": [
    [
      -0.20220943065908578,
      0.18189384000070935,
      0.9623024353717105,
      0.5314313474490411
    ],
    [
      -0.9504144403444141,
      -0.2735037136690198,
      -0.14801388513943314,
      0.4017735779589678
    ],
    [
      0.23627047580546923,
      -0.9445159339995549,
      0.2281795623705287,
      0.6829793356671268
    ],
    [
      0.0,
      0.0,
      0.0,
      1.0
    ]
  ],
  "ee_position": [
    0.5314313474490411,
    0.4017735779589678,
    0.6829793356671268
  ],
  "ee_orientation": [
    0.45910639307229356,
    -0.41848720249833726,
    0.6526662061687111,
    -0.4337241110551796
  ],
  "charuco_corners_px": [
    [
      899.2039794921875,
      141.48472595214844
    ],
    [
      916.9583740234375,
      100.9812240600586
    ],
    [
      934.6116333007812,
      59.765655517578125
    ],
    [
      937.4683837890625,
      154.23707580566406
    ],
    [
      955.6966552734375,
      113.25849151611328
    ],
    [
      974.140625,
      71.15428924560547
    ],
    [
      976.5039672851562,
      167.40121459960938
    ],
    [
      995.7640380859375,
      126.11393737792969
    ],
    [
      1015.119384765625,
      83.3306884765625
    ],
    [
      1017.7037963867188,
      181.3677215576172
    ],
    [
      1037.5145263671875,
      139.32069396972656
    ],
    [
      1057.6761474609375,
      96.14544677734375
    ]
  ],
  "charuco_ids": [
    0,
    1,
    2,
    4,
    5,
    6,
    8,
    9,
    10,
    12,
    13,
    14
  ],
  "charuco_pose": {
    "rvec": [
      -0.23832248151302338,
      0.5321687459945679,
      -1.1100410223007202
    ],
    "tvec": [
      0.18683147430419922,
      -0.20572592318058014,
      0.8107372522354126
    ],
    "R": [
      [
        0.3365142914295872,
        0.785673070823507,
        0.5191107371711776
      ],
      [
        -0.8967311601029492,
        0.43564168721040447,
        -0.07803554872550941
      ],
      [
        -0.28745670659085704,
        -0.43924269617972334,
        0.851137177950009
      ]
    ],
    "quat_xyzw": [
      -0.11150720410490728,
      0.24899308114423996,
      -0.5193700990887946,
      0.8098291728182556
    ],
    "T_se3": [
      [
        0.3365142914295872,
        0.785673070823507,
        0.5191107371711776,
        0.18683147430419922
      ],
      [
        -0.8967311601029492,
        0.43564168721040447,
        -0.07803554872550941,
        -0.20572592318058014
      ],
      [
        -0.28745670659085704,
        -0.43924269617972334,
        0.851137177950009,
        0.8107372522354126
      ],
      [
        0.0,
        0.0,
        0.0,
        1.0
      ]
    ]
  }
}