{
  "image_index": 2,
  "T_ee2base": [
    [
      0.3817391067500799,
      -0.20977222011757585,
      0.9001504707795216,
      0.6977219047723541
    ],
    [
      -0.8122457638342704,
      -0.5408815294218778,
      0.218412431568198,
      0.20823853381648316
    ],
    [
      0.4410579026737121,
      -0.8145199732340475,
      -0.37686222905973593,
      0.5422751418057128
    ],
    [
      0.0,
      0.0,
      0.0,
      1.0
    ]
  ],
  "ee_position": [
    0.6977219047723541,
    0.20823853381648316,
    0.5422751418057128
  ],
  "ee_orientation": [
    0.758202292470765,
    -0.33698723747635384,
    0.4422330250026738,
    -0.3405860200699913
  ],
  "charuco_corners_px": [
    [
      558.7483520507812,
      237.42335510253906
    ],
    [
      574.8408813476562,
      205.0928955078125
    ],
    [
      591.7947998046875,
      170.8484344482422
    ],
    [
      609.599365234375,
      134.55889892578125
    ],
    [
      597.2409057617188,
      255.5729217529297
    ],
    [
      614.2205200195312,
      224.75775146484375
    ],
    [
      632.3129272460938,
      191.3402099609375
    ],
    [
      651.7366943359375,
      156.4438018798828
    ],
    [
      634.6439208984375,
      274.9645080566406
    ],
    [
      652.9642333984375,
      244.1963653564453
    ],
    [
      672.1854248046875,
      212.14846801757812
    ],
    [
      692.8883056640625,
      177.53578186035156
    ],
    [
      671.7080688476562,
      292.94085693359375
    ],
    [
      690.8085327148438,
      263.62274169921875
    ],
    [
      711.2015380859375,
      232.25747680664062
    ],
    [
      733.12353515625,
      199.11447143554688
    ]
  ],
  "charuco_ids": [
    0,
    1,
    2,
    3,
    4,
    5,
    6,
    7,
    8,
    9,
    10,
    11,
    12,
    13,
    14,
    15
  ],
  "charuco_pose": {
    "rvec": [
      0.5738673210144043,
      0.5677435994148254,
      -1.0060393810272217
    ],
    "tvec": [
      -0.11052127182483673,
      -0.125870019197464,
      0.765184223651886
    ],
    "R": [
      [
        0.42030420305972505,
        0.8909125980676247,
        0.17210206127389782
      ],
      [
        -0.6078436549991189,
        0.4172672922375159,
        -0.6755842641048441
      ],
      [
        -0.6736990930435054,
        0.1793397597666689,
        0.7169147666209643
      ]
    ],
    "quat_xyzw": [
      0.26745193222392544,
      0.264597960383686,
      -0.4688665245364942,
      0.7991380140373447
    ],
    "T_se3": [
      [
        0.42030420305972505,
        0.8909125980676247,
        0.17210206127389782,
        -0.11052127182483673
      ],
      [
        -0.6078436549991189,
        0.4172672922375159,
        -0.6755842641048441,
        -0.125870019197464
      ],
      [
        -0.6736990930435054,
        0.1793397597666689,
        0.7169147666209643,
        0.765184223651886
      ],
      [
        0.0,
        0.0,
        0.0,
        1.0
      ]
    ]
  }
}