{
  "image_index": 20,
  "T_ee2base": [
    [
      0.5036303131229167,
      0.13068946648700958,
      0.8539770319236071,
      0.6242032261315609
    ],
    [
      -0.8566788653288073,
      -0.052160658705386,
      0.5132061840842991,
      0.2398082228741445
    ],
    [
      0.11161464690021689,
      -0.9900502659121712,
      0.08568921498402737,
      0.5787928355594171
    ],
    [
      0.0,
      0.0,
      0.0,
      1.0
    ]
  ],
  "ee_position": [
    0.6242032261315609,
    0.2398082228741445,
    0.5787928355594171
  ],
  "ee_orientation": [
    -0.6062387641936705,
    0.299382620231899,
    -0.39818951535873487,
    0.6199110559994793
  ],
  "charuco_corners_px": [
    [
      614.621826171875,
      266.13641357421875
    ],
    [
      618.9105224609375,
      225.18739318847656
    ],
    [
      623.3269653320312,
      183.1438751220703
    ],
    [
      628.0340576171875,
      139.87130737304688
    ],
    [
      654.0092163085938,
      269.7820739746094
    ],
    [
      659.2013549804688,
      229.29489135742188
    ],
    [
      663.9481811523438,
      187.70260620117188
    ],
    [
      669.3720092773438,
      144.825439453125
    ],
    [
      693.6863403320312,
      273.7424621582031
    ],
    [
      698.9031982421875,
      233.5626678466797
    ],
    [
      704.4200439453125,
      192.0331268310547
    ],
    [
      709.79443359375,
      149.51626586914062
    ],
    [
      732.1661376953125,
      277.52490234375
    ],
    [
      737.9219970703125,
      237.65908813476562
    ],
    [
      743.8258666992188,
      196.6525115966797
    ],
    [
      750.4428100585938,
      154.21572875976562
    ]
  ],
  "charuco_ids": [
    0,
    1,
    2,
    3,
    4,
    5,
    6,
    7,
    8,
    9,
    10,
    11,
    12,
    13,
    14,
    15
  ],
  "charuco_pose": {
    "rvec": [
      0.3498695492744446,
      0.09464172273874283,
      -1.461875557899475
    ],
    "tvec": [
      -0.058311063796281815,
      -0.08232239633798599,
      0.7844858169555664
    ],
    "R": [
      [
        0.11508994499030552,
        0.9822385711996572,
        -0.14819478334200736
      ],
      [
        -0.9549311517187816,
        0.06830860213478272,
        -0.2888605725110876
      ],
      [
        -0.2736070175254461,
        0.17476076253566764,
        0.9458318433203559
      ]
    ],
    "quat_xyzw": [
      0.15886275486655685,
      0.04297328770329696,
      -0.663783341195617,
      0.7295941321113821
    ],
    "T_se3": [
      [
        0.11508994499030552,
        0.9822385711996572,
        -0.14819478334200736,
        -0.058311063796281815
      ],
      [
        -0.9549311517187816,
        0.06830860213478272,
        -0.2888605725110876,
        -0.08232239633798599
      ],
      [
        -0.2736070175254461,
        0.17476076253566764,
        0.9458318433203559,
        0.7844858169555664
      ],
      [
        0.0,
        0.0,
        0.0,
        1.0
      ]
    ]
  }
}