{
  "image_index": 13,
  "T_ee2base": [
    [
      0.29670808418259353,
      0.3612433288854796,
      0.8840065441592795,
      0.5610610828598317
    ],
    [
      -0.2406807994105826,
      -0.8675227995055066,
      0.43528949577632997,
      0.0579616193882923
    ],
    [
      0.9241412584533697,
      -0.34191731408904386,
      -0.17045669464810173,
      0.2416126916428769
    ],
    [
      0.0,
      0.0,
      0.0,
      1.0
    ]
  ],
  "ee_position": [
    0.5610610828598317,
    0.0579616193882923,
    0.2416126916428769
  ],
  "ee_orientation": [
    0.7639842240413414,
    0.03945190413656142,
    0.5916836191485301,
    -0.25432685172282987
  ],
  "charuco_corners_px": [
    [
      485.40667724609375,
      450.472900390625
    ],
    [
      514.95556640625,
      441.0378723144531
    ],
    [
      544.3851318359375,
      431.3080749511719
    ],
    [
      574.4356689453125,
      422.20245361328125
    ],
    [
      498.63720703125,
      474.25701904296875
    ],
    [
      527.4586181640625,
      465.1824645996094
    ],
    [
      556.5938720703125,
      456.07568359375
    ],
    [
      586.1287231445312,
      447.0651550292969
    ],
    [
      510.9911804199219,
      497.91864013671875
    ],
    [
      539.6724243164062,
      488.7323303222656
    ],
    [
      568.4254150390625,
      479.8248291015625
    ],
    [
      597.2363891601562,
      470.9804382324219
    ],
    [
      523.18017578125,
      520.3450317382812
    ],
    [
      551.3089599609375,
      511.45819091796875
    ],
    [
      579.6660766601562,
      502.86895751953125
    ],
    [
      608.1064453125,
      494.2694091796875
    ]
  ],
  "charuco_ids": [
    0,
    1,
    2,
    3,
    4,
    5,
    6,
    7,
    8,
    9,
    10,
    11,
    12,
    13,
    14,
    15
  ],
  "charuco_pose": {
    "rvec": [
      0.5473214983940125,
      0.05852442607283592,
      -0.3404514789581299
    ],
    "tvec": [
      -0.211957186460495,
      0.04001183807849884,
      0.9901827573776245
    ],
    "R": [
      [
        0.9423877870862776,
        0.3326400832300062,
        -0.03543774512244286
      ],
      [
        -0.30171106413533927,
        0.7994170134909002,
        -0.5195217727098749
      ],
      [
        -0.1444842293433782,
        0.5002829335186483,
        0.8537220237882034
      ]
    ],
    "quat_xyzw": [
      0.2689092550504602,
      0.028754141512220582,
      -0.16727015813574278,
      0.9480937222085934
    ],
    "T_se3": [
      [
        0.9423877870862776,
        0.3326400832300062,
        -0.03543774512244286,
        -0.211957186460495
      ],
      [
        -0.30171106413533927,
        0.7994170134909002,
        -0.5195217727098749,
        0.04001183807849884
      ],
      [
        -0.1444842293433782,
        0.5002829335186483,
        0.8537220237882034,
        0.9901827573776245
      ],
      [
        0.0,
        0.0,
        0.0,
        1.0
      ]
    ]
  }
}