{
  "image_index": 19,
  "T_ee2base": [
    [
      0.2458201923552511,
      -0.07359570234279017,
      0.9665175143923149,
      0.5887965710405978
    ],
    [
      -0.6821877117421697,
      -0.7214998281601761,
      0.1185661162087156,
      -0.11911278578055348
    ],
    [
      0.6886162639514183,
      -0.6884923169952646,
      -0.22756531031790095,
      0.5029531820407056
    ],
    [
      0.0,
      0.0,
      0.0,
      1.0
    ]
  ],
  "ee_position": [
    0.5887965710405978,
    -0.11911278578055348,
    0.5029531820407056
  ],
  "ee_orientation": [
    0.7407572697640786,
    -0.25507121054838483,
    0.5585951855966501,
    -0.27237614335564253
  ],
  "charuco_corners_px": [
    [
      345.4935607910156,
      219.4191436767578
    ],
    [
      360.7425842285156,
      198.897705078125
    ],
    [
      376.2015380859375,
      177.28187561035156
    ],
    [
      392.2833251953125,
      155.21804809570312
    ],
    [
      371.666259765625,
      242.17825317382812
    ],
    [
      386.94854736328125,
      222.3966522216797
    ],
    [
      403.0601806640625,
      201.76800537109375
    ],
    [
      419.3091125488281,
      180.30133056640625
    ],
    [
      396.52874755859375,
      265.4345397949219
    ],
    [
      412.6911926269531,
      246.04818725585938
    ],
    [
      428.904296875,
      225.92601013183594
    ],
    [
      446.11029052734375,
      204.96011352539062
    ],
    [
      421.4400634765625,
      287.8525695800781
    ],
    [
      437.5524597167969,
      269.12103271484375
    ],
    [
      454.4147033691406,
      249.7450408935547
    ],
    [
      471.79681396484375,
      229.77171325683594
    ]
  ],
  "charuco_ids": [
    0,
    1,
    2,
    3,
    4,
    5,
    6,
    7,
    8,
    9,
    10,
    11,
    12,
    13,
    14,
    15
  ],
  "charuco_pose": {
    "rvec": [
      0.4580308794975281,
      0.534233808517456,
      -0.7177018523216248
    ],
    "tvec": [
      -0.3568575978279114,
      -0.1963902860879898,
      0.9806456565856934
    ],
    "R": [
      [
        0.6323321603615171,
        0.7152012406090953,
        0.29773012008150523
      ],
      [
        -0.4904254669567118,
        0.6670611844672976,
        -0.5608139063338007
      ],
      [
        -0.5996990081139268,
        0.20860623578478363,
        0.7725571422612539
      ]
    ],
    "quat_xyzw": [
      0.21949591888743936,
      0.25601361381991317,
      -0.3439345131825386,
      0.8763490296522939
    ],
    "T_se3": [
      [
        0.6323321603615171,
        0.7152012406090953,
        0.29773012008150523,
        -0.3568575978279114
      ],
      [
        -0.4904254669567118,
        0.6670611844672976,
        -0.5608139063338007,
        -0.1963902860879898
      ],
      [
        -0.5996990081139268,
        0.20860623578478363,
        0.7725571422612539,
        0.9806456565856934
      ],
      [
        0.0,
        0.0,
        0.0,
        1.0
      ]
    ]
  }
}