{
  "image_index": 34,
  "T_ee2base": [
    [
      0.2611754308937623,
      0.026790090730170746,
      0.9649195227251478,
      0.6365695542310844
    ],
    [
      -0.8425877855849633,
      -0.48141197506144273,
      0.24142977001701516,
      -0.1477733662862775
    ],
    [
      0.4709917386541781,
      -0.8760849281354577,
      -0.10315997680013464,
      0.41363122605085917
    ],
    [
      0.0,
      0.0,
      0.0,
      1.0
    ]
  ],
  "ee_position": [
    0.6365695542310844,
    -0.1477733662862775,
    0.41363122605085917
  ],
  "ee_orientation": [
    0.6792914291295268,
    -0.30023847640039814,
    0.5284592149275916,
    -0.4112795518355444
  ],
  "charuco_corners_px": [
    [
      297.1936340332031,
      338.7951965332031
    ],
    [
      306.71844482421875,
      313.34039306640625
    ],
    [
      315.9449157714844,
      286.53570556640625
    ],
    [
      325.6019287109375,
      259.403564453125
    ],
    [
      327.025390625,
      354.1413269042969
    ],
    [
      336.57452392578125,
      328.9399719238281
    ],
    [
      346.64599609375,
      302.9388732910156
    ],
    [
      356.2967834472656,
      276.03729248046875
    ],
    [
      355.780029296875,
      370.1636047363281
    ],
    [
      366.2682800292969,
      345.0790710449219
    ],
    [
      376.5508728027344,
      319.3870849609375
    ],
    [
      387.24658203125,
      292.6564025878906
    ],
    [
      384.95086669921875,
      385.6716003417969
    ],
    [
      395.48663330078125,
      361.1421203613281
    ],
    [
      406.19158935546875,
      335.5107727050781
    ],
    [
      417.2427673339844,
      309.7445068359375
    ]
  ],
  "charuco_ids": [
    0,
    1,
    2,
    3,
    4,
    5,
    6,
    7,
    8,
    9,
    10,
    11,
    12,
    13,
    14,
    15
  ],
  "charuco_pose": {
    "rvec": [
      0.3510282635688782,
      0.4194442331790924,
      -1.019910216331482
    ],
    "tvec": [
      -0.4129776954650879,
      -0.055160973221063614,
      0.9957395792007446
    ],
    "R": [
      [
        0.45683600988456086,
        0.8727665431755527,
        0.17198668897955294
      ],
      [
        -0.741247081407935,
        0.48037882220289385,
        -0.4688165435254804
      ],
      [
        -0.4917861571628176,
        0.08668764786494423,
        0.8663899972475858
      ]
    ],
    "quat_xyzw": [
      0.165881878481407,
      0.1982125217227377,
      -0.4819686621451988,
      0.8371984276942713
    ],
    "T_se3": [
      [
        0.45683600988456086,
        0.8727665431755527,
        0.17198668897955294,
        -0.4129776954650879
      ],
      [
        -0.741247081407935,
        0.48037882220289385,
        -0.4688165435254804,
        -0.055160973221063614
      ],
      [
        -0.4917861571628176,
        0.08668764786494423,
        0.8663899972475858,
        0.9957395792007446
      ],
      [
        0.0,
        0.0,
        0.0,
        1.0
      ]
    ]
  }
}