{
  "image_index": 26,
  "T_ee2base": [
    [
      -0.022965906270187686,
      0.49631338069535713,
      0.8678396138065688,
      0.6633018736752073
    ],
    [
      -0.8826851659642946,
      -0.4176481648012304,
      0.21549224632164832,
      -0.35418364038452166
    ],
    [
      0.469403307333656,
      -0.7610801788122653,
      0.4476801274161224,
      0.4798729104517101
    ],
    [
      0.0,
      0.0,
      0.0,
      1.0
    ]
  ],
  "ee_position": [
    0.6633018736752073,
    -0.35418364038452166,
    0.4798729104517101
  ],
  "ee_orientation": [
    -0.48657017251238277,
    0.19851801810719522,
    -0.6870760872144255,
    0.5017634044907777
  ],
  "charuco_corners_px": [
    [
      124.09215545654297,
      305.6432189941406
    ],
    [
      142.52789306640625,
      280.375
    ],
    [
      160.53390502929688,
      254.56309509277344
    ],
    [
      178.22523498535156,
      228.9718475341797
    ],
    [
      146.3481903076172,
      323.8337097167969
    ],
    [
      164.45310974121094,
      297.6130676269531
    ],
    [
      182.7562255859375,
      272.00048828125
    ],
    [
      200.7166290283203,
      246.04281616210938
    ],
    [
      167.93626403808594,
      340.81494140625
    ],
    [
      186.577880859375,
      315.3207092285156
    ],
    [
      205.01336669921875,
      289.1920471191406
    ],
    [
      223.1922607421875,
      263.2249755859375
    ],
    [
      190.51995849609375,
      359.06976318359375
    ],
    [
      209.05482482910156,
      332.9826354980469
    ],
    [
      227.5120391845703,
      307.1002502441406
    ],
    [
      245.96339416503906,
      280.9205322265625
    ]
  ],
  "charuco_ids": [
    0,
    1,
    2,
    3,
    4,
    5,
    6,
    7,
    8,
    9,
    10,
    11,
    12,
    13,
    14,
    15
  ],
  "charuco_pose": {
    "rvec": [
      -0.1702309399843216,
      0.10387855768203735,
      -0.9448361396789551
    ],
    "tvec": [
      -0.6198873519897461,
      -0.09464510530233383,
      1.02133047580719
    ],
    "R": [
      [
        0.5822781941908491,
        0.7965159486177625,
        0.16283257710725324
      ],
      [
        -0.8128671801651707,
        0.5738693429658,
        0.09960383835136494
      ],
      [
        -0.014108578247559678,
        -0.1903584009219107,
        0.9816132778331217
      ]
    ],
    "quat_xyzw": [
      -0.08184676748645514,
      0.049944646714710515,
      -0.4542757259298786,
      0.8856862896914701
    ],
    "T_se3": [
      [
        0.5822781941908491,
        0.7965159486177625,
        0.16283257710725324,
        -0.6198873519897461
      ],
      [
        -0.8128671801651707,
        0.5738693429658,
        0.09960383835136494,
        -0.09464510530233383
      ],
      [
        -0.014108578247559678,
        -0.1903584009219107,
        0.9816132778331217,
        1.02133047580719
      ],
      [
        0.0,
        0.0,
        0.0,
        1.0
      ]
    ]
  }
}