{
  "image_index": 29,
  "T_ee2base": [
    [
      0.2902259308808469,
      0.45794403670824513,
      0.8402714848712314,
      0.7232082202885396
    ],
    [
      -0.7364242893355794,
      -0.4538450675119151,
      0.5017010272778927,
      0.1134188933989066
    ],
    [
      0.6111040624320325,
      -0.7644029787608518,
      0.20552350459400948,
      0.34955741699931353
    ],
    [
      0.0,
      0.0,
      0.0,
      1.0
    ]
  ],
  "ee_position": [
    0.7232082202885396,
    0.1134188933989066,
    0.34955741699931353
  ],
  "ee_orientation": [
    -0.6201909975561465,
    0.11225584284707511,
    -0.5850518441183391,
    0.5103685844472946
  ],
  "charuco_corners_px": [
    [
      422.2099914550781,
      496.7373352050781
    ],
    [
      445.5780334472656,
      466.033203125
    ],
    [
      468.67889404296875,
      435.3258361816406
    ],
    [
      491.7744445800781,
      404.76629638671875
    ],
    [
      454.664306640625,
      518.072998046875
    ],
    [
      477.4259948730469,
      487.8604431152344
    ],
    [
      500.4312744140625,
      457.46405029296875
    ],
    [
      523.280029296875,
      427.1817321777344
    ],
    [
      485.9884338378906,
      539.5690307617188
    ],
    [
      508.8568115234375,
      509.3197021484375
    ],
    [
      531.5916137695312,
      479.3732604980469
    ],
    [
      554.3447875976562,
      449.2497863769531
    ],
    [
      516.9297485351562,
      560.3692626953125
    ],
    [
      539.5452880859375,
      530.6434936523438
    ],
    [
      562.2389526367188,
      500.92230224609375
    ],
    [
      584.9363403320312,
      471.2439270019531
    ]
  ],
  "charuco_ids": [
    0,
    1,
    2,
    3,
    4,
    5,
    6,
    7,
    8,
    9,
    10,
    11,
    12,
    13,
    14,
    15
  ],
  "charuco_pose": {
    "rvec": [
      0.21386632323265076,
      -0.03968779370188713,
      -0.9216858744621277
    ],
    "tvec": [
      -0.24311122298240662,
      0.09635931253433228,
      0.8186667561531067
    ],
    "R": [
      [
        0.6053270676930234,
        0.7860327720417494,
        -0.12542576447655818
      ],
      [
        -0.7939049758096063,
        0.5848469589632116,
        -0.16633978470658178
      ],
      [
        -0.057393645143991236,
        0.20026611262978727,
        0.9780590235917457
      ]
    ],
    "quat_xyzw": [
      0.10298189784868271,
      -0.019110649376999984,
      -0.44381443107888874,
      0.8899765516922316
    ],
    "T_se3": [
      [
        0.6053270676930234,
        0.7860327720417494,
        -0.12542576447655818,
        -0.24311122298240662
      ],
      [
        -0.7939049758096063,
        0.5848469589632116,
        -0.16633978470658178,
        0.09635931253433228
      ],
      [
        -0.057393645143991236,
        0.20026611262978727,
        0.9780590235917457,
        0.8186667561531067
      ],
      [
        0.0,
        0.0,
        0.0,
        1.0
      ]
    ]
  }
}