{
  "image_index": 25,
  "T_ee2base": [
    [
      -0.2100819118662116,
      -0.030294182310595268,
      0.9772143331044474,
      0.3974030991751133
    ],
    [
      -0.15213247116804426,
      -0.986332123168634,
      -0.06328233578147024,
      -0.3524698394620034
    ],
    [
      0.9657749745789346,
      -0.1619605054443428,
      0.20260180935340022,
      0.6138577573192662
    ],
    [
      0.0,
      0.0,
      0.0,
      1.0
    ]
  ],
  "ee_position": [
    0.3974030991751133,
    -0.3524698394620034,
    0.6138577573192662
  ],
  "ee_orientation": [
    0.6272257173356778,
    -0.07271172419936374,
    0.7744378355278502,
    -0.03933120363831562
  ],
  "charuco_corners_px": [
    [
      323.7526550292969,
      90.72224426269531
    ],
    [
      344.1844482421875,
      86.90445709228516
    ],
    [
      364.57110595703125,
      83.04634094238281
    ],
    [
      385.0860290527344,
      79.17990112304688
    ],
    [
      326.63848876953125,
      118.46748352050781
    ],
    [
      345.8341064453125,
      114.76146697998047
    ],
    [
      367.1118469238281,
      111.2397689819336
    ],
    [
      387.6240234375,
      107.89745330810547
    ],
    [
      328.4213562011719,
      145.4724884033203
    ],
    [
      349.2340393066406,
      141.78170776367188
    ],
    [
      369.1783142089844,
      139.6471405029297
    ],
    [
      390.1647033691406,
      136.3936004638672
    ],
    [
      331.0692138671875,
      172.9346923828125
    ],
    [
      351.09393310546875,
      170.23109436035156
    ],
    [
      371.326904296875,
      167.79458618164062
    ],
    [
      392.110107421875,
      164.94741821289062
    ]
  ],
  "charuco_ids": [
    0,
    1,
    2,
    3,
    4,
    5,
    6,
    7,
    8,
    9,
    10,
    11,
    12,
    13,
    14,
    15
  ],
  "charuco_pose": {
    "rvec": [
      0.1369010955095291,
      0.4724850058555603,
      -0.01584315113723278
    ],
    "tvec": [
      -0.4420873522758484,
      -0.43716108798980713,
      1.1999726295471191
    ],
    "R": [
      [
        0.8904910650953061,
        0.046905471436972594,
        0.45257655676659025
      ],
      [
        0.016483019423365795,
        0.9906936989843586,
        -0.13510849293578148
      ],
      [
        -0.4547020706529895,
        0.12777273395354938,
        0.8814307433950321
      ]
    ],
    "quat_xyzw": [
      0.06776175675835758,
      0.2338652873418906,
      -0.00784186386275001,
      0.969873124108857
    ],
    "T_se3": [
      [
        0.8904910650953061,
        0.046905471436972594,
        0.45257655676659025,
        -0.4420873522758484
      ],
      [
        0.016483019423365795,
        0.9906936989843586,
        -0.13510849293578148,
        -0.43716108798980713
      ],
      [
        -0.4547020706529895,
        0.12777273395354938,
        0.8814307433950321,
        1.1999726295471191
      ],
      [
        0.0,
        0.0,
        0.0,
        1.0
      ]
    ]
  }
}