{
  "image_index": 27,
  "T_ee2base": [
    [
      0.25711348330340056,
      0.4911989058299274,
      0.832235718781088,
      0.7432967723443296
    ],
    [
      -0.8840541491909423,
      -0.22826849174262687,
      0.40785016485938264,
      -0.16728703766475553
    ],
    [
      0.39030874702198415,
      -0.840605216846189,
      0.375555523736638,
      0.3407973670807442
    ],
    [
      0.0,
      0.0,
      0.0,
      1.0
    ]
  ],
  "ee_position": [
    0.7432967723443296,
    -0.16728703766475553,
    0.3407973670807442
  ],
  "ee_orientation": [
    -0.5267415047509997,
    0.18645542444330673,
    -0.5802392894694103,
    0.5925370273867726
  ],
  "charuco_corners_px": [
    [
      190.7026824951172,
      486.9561767578125
    ],
    [
      205.4532928466797,
      455.158935546875
    ],
    [
      220.2261505126953,
      423.3416442871094
    ],
    [
      234.4087677001953,
      391.7033996582031
    ],
    [
      223.18557739257812,
      500.92138671875
    ],
    [
      237.96435546875,
      469.1366882324219
    ],
    [
      252.47715759277344,
      437.3766174316406
    ],
    [
      266.856201171875,
      405.91424560546875
    ],
    [
      254.9919891357422,
      515.1154174804688
    ],
    [
      269.9835510253906,
      483.1841735839844
    ],
    [
      284.6327819824219,
      451.4662170410156
    ],
    [
      299.2178649902344,
      420.0565185546875
    ],
    [
      287.4062194824219,
      529.1199340820312
    ],
    [
      302.1684265136719,
      497.26153564453125
    ],
    [
      317.0874328613281,
      465.86468505859375
    ],
    [
      331.36676025390625,
      433.9847717285156
    ]
  ],
  "charuco_ids": [
    0,
    1,
    2,
    3,
    4,
    5,
    6,
    7,
    8,
    9,
    10,
    11,
    12,
    13,
    14,
    15
  ],
  "charuco_pose": {
    "rvec": [
      0.020065948367118835,
      -0.052891120314598083,
      -1.1488159894943237
    ],
    "tvec": [
      -0.4949585199356079,
      0.10669894516468048,
      0.9116735458374023
    ],
    "R": [
      [
        0.40847771958503587,
        0.9112694875023581,
        -0.05228645857005911
      ],
      [
        -0.9122188302513505,
        0.40954880713557595,
        0.011250791469260737
      ],
      [
        0.031666359712900556,
        0.043100994431874616,
        0.9985687487306605
      ]
    ],
    "quat_xyzw": [
      0.009488989919895626,
      -0.025011691365638196,
      -0.5432637991827839,
      0.8391357571113378
    ],
    "T_se3": [
      [
        0.40847771958503587,
        0.9112694875023581,
        -0.05228645857005911,
        -0.4949585199356079
      ],
      [
        -0.9122188302513505,
        0.40954880713557595,
        0.011250791469260737,
        0.10669894516468048
      ],
      [
        0.031666359712900556,
        0.043100994431874616,
        0.9985687487306605,
        0.9116735458374023
      ],
      [
        0.0,
        0.0,
        0.0,
        1.0
      ]
    ]
  }
}