{
  "image_index": 24,
  "T_ee2base": [
    [
      -0.12186377733763298,
      0.4364592569840148,
      0.8914328560054123,
      0.6421477560269832
    ],
    [
      -0.71180047389091,
      -0.6643560055907411,
      0.22797189125897047,
      0.14436618399262097
    ],
    [
      0.6917292137402327,
      -0.6067408135509573,
      0.39163283829352535,
      0.4978657356522657
    ],
    [
      0.0,
      0.0,
      0.0,
      1.0
    ]
  ],
  "ee_position": [
    0.6421477560269832,
    0.14436618399262097,
    0.4978657356522657
  ],
  "ee_orientation": [
    0.5363905736400442,
    -0.1283305628575738,
    0.7378774663217971,
    -0.389041468022739
  ],
  "charuco_corners_px": [
    [
      522.74755859375,
      316.2519226074219
    ],
    [
      552.2662353515625,
      293.13897705078125
    ],
    [
      581.9625854492188,
      269.7601318359375
    ],
    [
      611.7092895507812,
      246.03842163085938
    ],
    [
      544.88232421875,
      345.97052001953125
    ],
    [
      574.5047607421875,
      322.9071960449219
    ],
    [
      604.3744506835938,
      299.6086120605469
    ],
    [
      634.3347778320312,
      275.8770446777344
    ],
    [
      566.6497802734375,
      375.8354187011719
    ],
    [
      596.8218383789062,
      352.8005676269531
    ],
    [
      626.8933715820312,
      329.5651550292969
    ],
    [
      657.1911010742188,
      305.99407958984375
    ],
    [
      588.9971923828125,
      406.2714538574219
    ],
    [
      619.1550903320312,
      383.0884094238281
    ],
    [
      649.513671875,
      359.93310546875
    ],
    [
      680.1072998046875,
      336.3922119140625
    ]
  ],
  "charuco_ids": [
    0,
    1,
    2,
    3,
    4,
    5,
    6,
    7,
    8,
    9,
    10,
    11,
    12,
    13,
    14,
    15
  ],
  "charuco_pose": {
    "rvec": [
      -0.07922928780317307,
      0.14099185168743134,
      -0.6441238522529602
    ],
    "tvec": [
      -0.1549694538116455,
      -0.0831340104341507,
      0.854685366153717
    ],
    "R": [
      [
        0.7904862455403298,
        0.5924254285078155,
        0.15544647718389984
      ],
      [
        -0.6031915306926358,
        0.7970406472801074,
        0.029768840823632195
      ],
      [
        -0.10626134251094668,
        -0.11729585773009511,
        0.9873956698543561
      ]
    ],
    "quat_xyzw": [
      -0.03889064285231837,
      0.06920753550990942,
      -0.3161758913302527,
      0.9453732811269304
    ],
    "T_se3": [
      [
        0.7904862455403298,
        0.5924254285078155,
        0.15544647718389984,
        -0.1549694538116455
      ],
      [
        -0.6031915306926358,
        0.7970406472801074,
        0.029768840823632195,
        -0.0831340104341507
      ],
      [
        -0.10626134251094668,
        -0.11729585773009511,
        0.9873956698543561,
        0.854685366153717
      ],
      [
        0.0,
        0.0,
        0.0,
        1.0
      ]
    ]
  }
}