{
  "image_index": 15,
  "T_ee2base": [
    [
      0.17884577447238056,
      0.2138784184935843,
      0.9603490048185908,
      0.6239385460813008
    ],
    [
      -0.7519305921292903,
      -0.5997820809786444,
      0.2736089179047748,
      0.22305690436782763
    ],
    [
      0.6345191672230788,
      -0.7710495946692469,
      0.0535532350742752,
      0.5724631094120112
    ],
    [
      0.0,
      0.0,
      0.0,
      1.0
    ]
  ],
  "ee_position": [
    0.6239385460813008,
    0.22305690436782763,
    0.5724631094120112
  ],
  "ee_orientation": [
    0.6567104804205484,
    -0.2048285316274931,
    0.6071428047791844,
    -0.39768609749650896
  ],
  "charuco_corners_px": [
    [
      606.9332275390625,
      218.1717071533203
    ],
    [
      632.6198120117188,
      187.36325073242188
    ],
    [
      659.138916015625,
      155.6609344482422
    ],
    [
      686.33837890625,
      122.71337127685547
    ],
    [
      636.9300537109375,
      244.77333068847656
    ],
    [
      662.8727416992188,
      214.75927734375
    ],
    [
      689.7105102539062,
      183.4929962158203
    ],
    [
      717.2149658203125,
      151.30947875976562
    ],
    [
      666.230712890625,
      271.4404296875
    ],
    [
      692.7149047851562,
      241.74713134765625
    ],
    [
      719.9065551757812,
      211.13851928710938
    ],
    [
      747.8358154296875,
      179.47415161132812
    ],
    [
      695.66552734375,
      297.7033996582031
    ],
    [
      722.184814453125,
      268.6588439941406
    ],
    [
      749.7367553710938,
      238.5135040283203
    ],
    [
      778.113525390625,
      207.64625549316406
    ]
  ],
  "charuco_ids": [
    0,
    1,
    2,
    3,
    4,
    5,
    6,
    7,
    8,
    9,
    10,
    11,
    12,
    13,
    14,
    15
  ],
  "charuco_pose": {
    "rvec": [
      0.1970573365688324,
      0.26715078949928284,
      -0.8272925615310669
    ],
    "tvec": [
      -0.07557819783687592,
      -0.15700316429138184,
      0.8066193461418152
    ],
    "R": [
      [
        0.6464784118471386,
        0.7466256087062062,
        0.1568944340621693
      ],
      [
        -0.6973765245454562,
        0.6616982237725941,
        -0.2753569386616118
      ],
      [
        -0.30940531027844725,
        0.06859782125024698,
        0.948452788962749
      ]
    ],
    "quat_xyzw": [
      0.09529873964512255,
      0.12919657789847466,
      -0.40008628861253676,
      0.9023066863021798
    ],
    "T_se3": [
      [
        0.6464784118471386,
        0.7466256087062062,
        0.1568944340621693,
        -0.07557819783687592
      ],
      [
        -0.6973765245454562,
        0.6616982237725941,
        -0.2753569386616118,
        -0.15700316429138184
      ],
      [
        -0.30940531027844725,
        0.06859782125024698,
        0.948452788962749,
        0.8066193461418152
      ],
      [
        0.0,
        0.0,
        0.0,
        1.0
      ]
    ]
  }
}