{
  "image_index": 1,
  "T_ee2base": [
    [
      0.5240877390276826,
      0.40239068437618947,
      0.75060893874781,
      0.5419006950990423
    ],
    [
      -0.6560718042105695,
      -0.3712223703158785,
      0.6570873149718756,
      0.22669377412386893
    ],
    [
      0.5430486437886938,
      -0.8368247659482376,
      0.06944408956086667,
      0.47039846208508057
    ],
    [
      0.0,
      0.0,
      0.0,
      1.0
    ]
  ],
  "ee_position": [
    0.5419006950990423,
    0.22669377412386893,
    0.47039846208508057
  ],
  "ee_orientation": [
    -0.6756230494481917,
    0.09386932552166911,
    -0.47869058922467417,
    0.5527905250347258
  ],
  "charuco_corners_px": [
    [
      609.0921630859375,
      328.1251220703125
    ],
    [
      627.4783325195312,
      296.7412414550781
    ],
    [
      646.2034912109375,
      265.0616149902344
    ],
    [
      665.2171630859375,
      233.2119140625
    ],
    [
      638.0540161132812,
      344.6144104003906
    ],
    [
      656.4064331054688,
      313.8989562988281
    ],
    [
      674.9185180664062,
      282.7862854003906
    ],
    [
      693.8770751953125,
      251.68191528320312
    ],
    [
      666.7486572265625,
      361.013427734375
    ],
    [
      684.6182861328125,
      330.5157775878906
    ],
    [
      702.9541625976562,
      300.1430358886719
    ],
    [
      721.3401489257812,
      269.341796875
    ],
    [
      694.0183715820312,
      376.63946533203125
    ],
    [
      712.0383911132812,
      346.9244689941406
    ],
    [
      730.0039672851562,
      316.94097900390625
    ],
    [
      748.65185546875,
      286.94915771484375
    ]
  ],
  "charuco_ids": [
    0,
    1,
    2,
    3,
    4,
    5,
    6,
    7,
    8,
    9,
    10,
    11,
    12,
    13,
    14,
    15
  ],
  "charuco_pose": {
    "rvec": [
      0.42673683166503906,
      -0.12457108497619629,
      -1.0344852209091187
    ],
    "tvec": [
      -0.07361260801553726,
      -0.05321796238422394,
      0.8672947883605957
    ],
    "R": [
      [
        0.51214181139544,
        0.8054589959564903,
        -0.29823911690682053
      ],
      [
        -0.8532339284039393,
        0.4372848540252636,
        -0.28420735363548455
      ],
      [
        -0.09850192100146599,
        0.4000222022249096,
        0.9111968005245379
      ]
    ],
    "quat_xyzw": [
      0.20227466280137416,
      -0.05904710430090063,
      -0.4903493996896076,
      0.845668887027488
    ],
    "T_se3": [
      [
        0.51214181139544,
        0.8054589959564903,
        -0.29823911690682053,
        -0.07361260801553726
      ],
      [
        -0.8532339284039393,
        0.4372848540252636,
        -0.28420735363548455,
        -0.05321796238422394
      ],
      [
        -0.09850192100146599,
        0.4000222022249096,
        0.9111968005245379,
        0.8672947883605957
      ],
      [
        0.0,
        0.0,
        0.0,
        1.0
      ]
    ]
  }
}