{
  "image_index": 31,
  "T_ee2base": [
    [
      0.18500039444735344,
      0.3223671787905743,
      0.9283610591213581,
      0.6403954844009356
    ],
    [
      -0.7629011268743534,
      -0.5483722287550439,
      0.3424467394268311,
      -0.13856083816815518
    ],
    [
      0.6194810123548306,
      -0.771600480021126,
      0.14448520534297776,
      0.6011796541210394
    ],
    [
      0.0,
      0.0,
      0.0,
      1.0
    ]
  ],
  "ee_position": [
    0.6403954844009356,
    -0.13856083816815518,
    0.6011796541210394
  ],
  "ee_orientation": [
    0.6302553882870457,
    -0.17474422125969222,
    0.6139741524792937,
    -0.44190309204487566
  ],
  "charuco_corners_px": [
    [
      261.2665100097656,
      171.22984313964844
    ],
    [
      281.04058837890625,
      143.14161682128906
    ],
    [
      300.9457092285156,
      114.2799301147461
    ],
    [
      320.8142395019531,
      85.20523834228516
    ],
    [
      290.2950744628906,
      194.36776733398438
    ],
    [
      309.93682861328125,
      166.4990234375
    ],
    [
      329.8472595214844,
      138.137451171875
    ],
    [
      349.8889465332031,
      109.15087890625
    ],
    [
      318.2845764160156,
      217.43345642089844
    ],
    [
      338.54498291015625,
      189.9796142578125
    ],
    [
      358.6353759765625,
      161.84706115722656
    ],
    [
      378.9564208984375,
      133.2833251953125
    ],
    [
      346.8452453613281,
      240.474609375
    ],
    [
      366.7193908691406,
      213.3312530517578
    ],
    [
      387.0664978027344,
      185.4720458984375
    ],
    [
      407.4036865234375,
      157.2217559814453
    ]
  ],
  "charuco_ids": [
    0,
    1,
    2,
    3,
    4,
    5,
    6,
    7,
    8,
    9,
    10,
    11,
    12,
    13,
    14,
    15
  ],
  "charuco_pose": {
    "rvec": [
      0.20870181918144226,
      0.16777902841567993,
      -0.8627852201461792
    ],
    "tvec": [
      -0.42111897468566895,
      -0.2211730033159256,
      0.9047449231147766
    ],
    "R": [
      [
        0.6392916191647257,
        0.7664771669554541,
        0.061797881854352074
      ],
      [
        -0.7337789110755139,
        0.6320981429269178,
        -0.24903904788039744
      ],
      [
        -0.2299450702376037,
        0.11386259370084117,
        0.9665198261955834
      ]
    ],
    "quat_xyzw": [
      0.10083854674952487,
      0.08106586452787759,
      -0.41687230182153495,
      0.8997096181945632
    ],
    "T_se3": [
      [
        0.6392916191647257,
        0.7664771669554541,
        0.061797881854352074,
        -0.42111897468566895
      ],
      [
        -0.7337789110755139,
        0.6320981429269178,
        -0.24903904788039744,
        -0.2211730033159256
      ],
      [
        -0.2299450702376037,
        0.11386259370084117,
        0.9665198261955834,
        0.9047449231147766
      ],
      [
        0.0,
        0.0,
        0.0,
        1.0
      ]
    ]
  }
}