{
  "K": [
    [
      857.908006520888,
      0.0,
      638.4293389170983
    ],
    [
      0.0,
      893.5981462112463,
      344.0722468592902
    ],
    [
      0.0,
      0.0,
      1.0
    ]
  ],
  "D": [
    [
      1.9515656675257957,
      -10.904035185591688,
      0.10585109024828282,
      0.10377308874843437,
      29.53711966780524
    ]
  ]
}