{
  "width": 1280,
  "height": 720,
  "ppx": 637.47900390625,
  "ppy": 398.24993896484375,
  "fx": 910.4171752929688,
  "fy": 909.8118286132812,
  "model": "distortion.inverse_brown_conrady",
  "coeffs": [
    0.0,
    0.0,
    0.0,
    0.0,
    0.0
  ],
  "K": [
    [
      910.4171752929688,
      0,
      637.47900390625
    ],
    [
      0,
      909.8118286132812,
      398.24993896484375
    ],
    [
      0,
      0,
      1
    ]
  ],
  "D": [
    0.0,
    0.0,
    0.0,
    0.0,
    0.0
  ]
}