{
  "T_cam2base": [
    [
      -0.4104998842348739,
      0.3325339341474769,
      -0.8490647959275881,
      1.2780770753068664
    ],
    [
      0.9116634914701909,
      0.1690290727474663,
      -0.37456488207854316,
      0.48160163723467725
    ],
    [
      0.018961101327093298,
      -0.927820217071461,
      -0.3725454622323704,
      0.7164119791886434
    ],
    [
      0.0,
      0.0,
      0.0,
      1.0
    ]
  ],
  "T_ee2board": [
    [
      0.008541309140715443,
      -0.9999590162461623,
      -0.0030019770435766036,
      0.08258863576136255
    ],
    [
      -0.9999621378419031,
      -0.008536263148693865,
      -0.0016897023723068567,
      0.08628627014801307
    ],
    [
      0.0016640074559501096,
      0.003016295652564699,
      -0.9999940665022583,
      -0.08569693150014457
    ],
    [
      0.0,
      0.0,
      0.0,
      1.0
    ]
  ]
}