{
  "width": 1280,
  "height": 720,
  "ppx": 637.47900390625,
  "ppy": 398.24993896484375,
  "fx": 910.4171752929688,
  "fy": 909.8118286132812,
  "model": "distortion.inverse_brown_conrady",
  "coeffs": [
    0.0,
    0.0,
    0.0,
    0.0,
    0.0
  ]
}